encoded,item
0,0002005018
1,0002558122
2,0006480764
3,000648302X
4,0006485014
5,000649840X
6,0006513204
7,0006513220
8,0006514855
9,0006550576
10,0006550681
11,0006742939
12,0007108265
13,0007108273
14,0007110928
15,0007154615
16,000716226X
17,0007170866
18,0020198817
19,0020198906
20,0020199600
21,002026478X
22,0020360754
23,0020418809
24,0020427859
25,0020442009
26,0020442203
27,0020442300
28,0020442408
29,0020442602
30,0020446500
31,0020518501
32,0020519001
33,0020532105
34,002411510X
35,002542730X
36,0028603958
37,0028604199
38,0028604202
39,0060002050
40,0060002492
41,006000438X
42,0060005424
43,0060007788
44,0060008024
45,0060008032
46,0060008776
47,0060009012
48,0060011912
49,006001203X
50,0060012781
51,0060013125
52,0060083948
53,0060084405
54,0060085444
55,0060085452
56,0060086246
57,0060086386
58,0060090367
59,0060090375
60,0060090383
61,0060096195
62,0060096209
63,0060168013
64,006016848X
65,006017143X
66,0060172916
67,0060173289
68,0060175400
69,0060175532
70,0060175818
71,0060175966
72,006017613X
73,0060176806
74,0060177888
75,006018311X
76,0060184957
77,0060185147
78,0060186526
79,0060187840
80,0060188731
81,0060191988
82,0060192119
83,0060192704
84,0060193611
85,006019443X
86,0060194448
87,0060194790
88,006019491X
89,0060195622
90,0060195703
91,0060196092
92,0060196122
93,0060198125
94,0060198133
95,0060198346
96,0060198702
97,0060199652
98,0060248025
99,0060254920
100,0060256656
101,0060256672
102,0060256737
103,0060263857
104,0060294698
105,0060391448
106,0060391502
107,0060391626
108,0060391677
109,0060391782
110,0060392452
111,0060392827
112,0060393211
113,006039384X
114,0060502258
115,0060504072
116,0060504080
117,0060505885
118,0060506679
119,0060507403
120,0060507772
121,0060507845
122,0060508302
123,006050918X
124,0060510323
125,006051261X
126,0060512806
127,0060512822
128,0060513640
129,0060514930
130,0060514949
131,0060514957
132,0060516283
133,0060517611
134,0060517794
135,0060519134
136,0060529709
137,0060532149
138,006053429X
139,0060539860
140,0060540753
141,0060542128
142,0060557257
143,0060557540
144,0060558199
145,0060558865
146,0060559128
147,0060562080
148,0060562250
149,0060652926
150,0060652934
151,0060740450
152,0060807792
153,0060809833
154,0060830956
155,0060907002
156,0060913983
157,0060914653
158,0060915153
159,0060915544
160,006091565X
161,0060916508
162,0060917016
163,0060919655
164,0060919884
165,0060920084
166,0060921056
167,0060921145
168,0060922249
169,0060922532
170,0060923245
171,0060924349
172,0060924837
173,0060924985
174,0060926201
175,0060926317
176,0060927216
177,0060927240
178,0060927569
179,0060928336
180,0060929596
181,0060929790
182,0060929871
183,006092988X
184,0060930187
185,0060930535
186,006093090X
187,0060930934
188,0060931221
189,0060931418
190,0060931671
191,0060931809
192,0060932139
193,0060932171
194,0060932759
195,0060932813
196,0060932902
197,0060934417
198,0060934700
199,0060934719
200,0060934913
201,0060935464
202,0060936231
203,0060936363
204,0060937319
205,0060938412
206,0060938455
207,0060951311
208,0060952970
209,0060953691
210,0060955570
211,0060955775
212,0060958022
213,0060959037
214,0060959355
215,0060964049
216,0060970790
217,0060971479
218,0060972122
219,0060972459
220,0060973897
221,0060975547
222,0060975849
223,0060976241
224,0060976497
225,0060976845
226,0060977337
227,0060977477
228,0060977493
229,0060977744
230,0060981180
231,0060987049
232,0060987103
233,0060987219
234,006098726X
235,0060987324
236,0060987529
237,0060987561
238,006098824X
239,0060988258
240,0060988649
241,006099486X
242,0061000019
243,0061000027
244,0061000043
245,0061000078
246,0061000175
247,0061000280
248,0061006629
249,0061007129
250,0061007145
251,0061007226
252,0061009059
253,0061009504
254,0061012165
255,0061012513
256,0061013412
257,0061013420
258,0061013439
259,006101351X
260,0061014176
261,0061014591
262,0061015725
263,0061020397
264,0061020400
265,0061020621
266,0061020648
267,0061020656
268,0061020680
269,0061020699
270,0061020702
271,0061020710
272,0061030430
273,0061030597
274,0061030635
275,0061030643
276,0061031070
277,0061031089
278,0061031321
279,0061031410
280,0061031429
281,0061031550
282,0061031844
283,0061031992
284,0061032093
285,0061032425
286,0061040347
287,0061042005
288,0061042943
289,0061044431
290,006104444X
291,0061044636
292,0061052477
293,0061052892
294,0061053104
295,0061054151
296,0061054437
297,0061054895
298,0061054909
299,0061056901
300,0061056928
301,0061057363
302,0061057649
303,0061057894
304,0061059056
305,0061059064
306,0061059072
307,0061073628
308,0061083259
309,0061090808
310,0061090891
311,0061091316
312,006109157X
313,0061091790
314,0061091944
315,0061092002
316,0061092037
317,0061092088
318,0061092177
319,0061092193
320,0061092533
321,0061092606
322,0061092614
323,0061092827
324,0061092886
325,0061093084
326,0061093106
327,0061093327
328,0061093335
329,0061093343
330,0061093491
331,006109398X
332,0061094110
333,0061094129
334,0061094234
335,0061094404
336,0061095540
337,006109594X
338,0061096105
339,0061096113
340,0061097101
341,0061097314
342,0061097349
343,0061097659
344,0061097667
345,0061097853
346,0061097861
347,0061097934
348,0061098035
349,006109868X
350,0061098752
351,0061098795
352,0061099015
353,0061099058
354,0061099155
355,006109918X
356,006109921X
357,0061099252
358,0061099325
359,0061099341
360,0061099368
361,0061099643
362,0061099694
363,0061099708
364,0061099732
365,0061099805
366,0061099813
367,0062501860
368,0062502174
369,0062502182
370,0062505319
371,0062507249
372,0062508113
373,0062512021
374,0062512668
375,006251279X
376,0062513346
377,0062513591
378,0062516590
379,0062548662
380,0064400018
381,0064400026
382,0064400034
383,0064400042
384,0064400050
385,0064400069
386,0064400077
387,0064400085
388,006440031X
389,0064400557
390,0064400565
391,0064400581
392,0064400859
393,0064400964
394,0064401103
395,0064401774
396,0064401847
397,0064401871
398,006440188X
399,0064402053
400,0064402967
401,0064403319
402,0064403688
403,0064404773
404,0064404994
405,0064405044
406,0064405052
407,0064405109
408,0064405176
409,0064405842
410,006440630X
411,0064406970
412,0064407055
413,0064407667
414,0064407675
415,0064407683
416,0064407691
417,0064408183
418,0064408639
419,0064408647
420,0064408655
421,0064408663
422,0064409422
423,0064410129
424,0064410137
425,006441034X
426,0064440044
427,0064440508
428,0064471047
429,0064471055
430,0064471063
431,0064471071
432,006447108X
433,0064471098
434,0064471101
435,0064471837
436,0064471861
437,006447187X
438,0064471969
439,0064472264
440,0064472272
441,006447268X
442,0064472795
443,006447335X
444,0064473368
445,0066210232
446,0066211611
447,0066212855
448,0066214122
449,0066214440
450,0066238501
451,0066620996
452,0070212570
453,0091842050
454,0091867770
455,0091882087
456,009188800X
457,0099149109
458,0099201410
459,0099218216
460,0099245027
461,0099263815
462,0099268345
463,0099272687
464,009927583X
465,0099277301
466,0099279274
467,0099280256
468,0099282194
469,0099288850
470,0099289520
471,0099387913
472,0099394316
473,0099410184
474,0099410869
475,0099415372
476,0099422042
477,0099426870
478,0099429799
479,009943511X
480,0099448823
481,0099452294
482,0099464810
483,0099485311
484,0099485419
485,0099502909
486,0099512009
487,0099521016
488,0099527308
489,0099586118
490,0099604302
491,0099727315
492,0099727412
493,0099740516
494,0099747200
495,009975181X
496,0099769913
497,0099771519
498,0099800403
499,0099845008
500,0099866005
501,0099935708
502,0099992000
503,0099993805
504,0140003185
505,0140012133
506,0140012486
507,0140013997
508,0140018328
509,0140031499
510,0140039589
511,0140041796
512,0140042210
513,0140042393
514,0140042407
515,0140042520
516,0140042598
517,0140043128
518,0140043519
519,0140045295
520,0140046569
521,0140051317
522,0140053204
523,0140055770
524,0140060898
525,0140062718
526,014006690X
527,0140067477
528,0140067779
529,0140070206
530,0140071083
531,0140071814
532,0140075623
533,0140077022
534,0140086838
535,0140089225
536,0140092323
537,0140092501
538,0140094385
539,0140097058
540,0140097112
541,0140099832
542,0140113428
543,0140119906
544,014012389X
545,0140124373
546,0140124381
547,0140126716
548,0140131558
549,0140132708
550,0140133488
551,0140143505
552,0140148590
553,0140154078
554,0140157654
555,0140167153
556,0140167773
557,014016930X
558,0140176616
559,014017737X
560,0140177388
561,0140177396
562,0140179836
563,0140180788
564,0140184953
565,0140185011
566,0140185216
567,0140185232
568,0140186409
569,0140186522
570,0140187537
571,014018869X
572,0140195831
573,0140230165
574,014023313X
575,0140233903
576,0140234217
577,014023604X
578,0140237496
579,014023828X
580,0140241167
581,0140244816
582,0140244824
583,0140250832
584,0140250913
585,0140250948
586,014025448X
587,0140254544
588,0140254587
589,0140255087
590,0140255125
591,0140257934
592,0140258418
593,0140258795
594,0140259112
595,0140262032
596,0140264795
597,0140265686
598,0140265988
599,0140266771
600,0140268863
601,0140270590
602,0140272658
603,0140274154
604,0140274782
605,0140275010
606,0140276335
607,0140276904
608,014027927X
609,0140279288
610,014027944X
611,014028009X
612,0140280464
613,0140280553
614,0140282033
615,0140282777
616,0140283706
617,0140286276
618,0140287019
619,0140288503
620,0140293248
621,0140293442
622,0140293450
623,0140293469
624,0140295569
625,014029628X
626,0140296298
627,0140296409
628,0140298479
629,0140309578
630,0140314601
631,0140315977
632,0140328696
633,014034019X
634,014034294X
635,0140345353
636,0140348107
637,014034893X
638,014034991X
639,0140366784
640,0140374248
641,0140378278
642,014038572X
643,0140386335
644,0140386351
645,0140386645
646,0140390464
647,0140430016
648,0140430105
649,0140430113
650,0140430164
651,0140430229
652,0140430725
653,0140430962
654,0140431357
655,014043187X
656,0140433627
657,0140434259
658,0140440046
659,0140440224
660,0140440410
661,0140441654
662,0140445560
663,014045022X
664,0140481346
665,0140481389
666,0140620109
667,0140620117
668,0140620125
669,0140620168
670,0140620184
671,0140620206
672,0140620222
673,0140620303
674,0140620338
675,0140620427
676,0140620540
677,0140620621
678,014062063X
679,0140620664
680,0140620753
681,0140620842
682,0140620869
683,0140621091
684,0140621377
685,0140621725
686,0140621806
687,0140622179
688,0140622500
689,014100018X
690,0141000198
691,0141001771
692,0141001828
693,0141002077
694,0141007338
695,0141011904
696,0141182539
697,0141301058
698,0141301066
699,0141301074
700,0141301104
701,0141301120
702,0141301147
703,0141301155
704,014131088X
705,0142000205
706,0142000221
707,014200023X
708,0142000345
709,0142000361
710,0142000485
711,0142000663
712,0142000809
713,0142000892
714,0142001325
715,0142001430
716,0142001619
717,0142001740
718,0142001805
719,0142001821
720,0142002267
721,0142002798
722,0142003190
723,0142003727
724,0142004030
725,0142004235
726,0142004278
727,0142300497
728,0142301515
729,0143035002
730,0146000552
731,0151001006
732,0151002290
733,0151002517
734,0151002630
735,0151004218
736,0151006725
737,0151006903
738,015100692X
739,0151008116
740,0151446474
741,0151686564
742,0151731527
743,0151962960
744,0152050167
745,015216250X
746,0152164561
747,0156001314
748,0156001454
749,0156005891
750,0156006219
751,0156006529
752,0156006847
753,015600710X
754,0156007185
755,0156007479
756,0156007754
757,0156011042
758,0156012197
759,0156013924
760,0156027321
761,0156028778
762,015602943X
763,0156030209
764,0156106809
765,015640057X
766,0156439611
767,0156453800
768,0156528207
769,0156628708
770,015668568X
771,015670160X
772,0156711427
773,0156787334
774,0156838389
775,0156907399
776,0192815326
777,019282760X
778,0192833553
779,0192833596
780,019505928X
781,0201489376
782,020530902X
783,0224063782
784,0226424197
785,0226500578
786,0252006860
787,0261102214
788,0300089023
789,0304345350
790,0306812274
791,030700645X
792,0307301451
793,0310205719
794,0310209307
795,0310214696
796,0312022824
797,0312050631
798,031205436X
799,031208188X
800,0312099045
801,0312099436
802,0312113420
803,0312130279
804,0312134517
805,0312140908
806,0312140940
807,0312144075
808,0312146310
809,0312147015
810,0312150601
811,031215125X
812,0312169787
813,0312171838
814,031218171X
815,0312187106
816,0312187459
817,0312195516
818,0312199430
819,0312201656
820,0312202318
821,0312203039
822,0312205406
823,0312243022
824,0312243359
825,0312244266
826,0312252617
827,0312252943
828,0312255012
829,0312261594
830,0312263120
831,0312263996
832,0312264372
833,0312265840
834,0312265859
835,0312265867
836,0312266804
837,0312267460
838,0312269587
839,0312272057
840,0312274920
841,0312275420
842,0312278586
843,0312281250
844,0312282990
845,0312283423
846,0312283709
847,0312283784
848,0312284683
849,0312289197
850,0312289510
851,0312289723
852,0312289871
853,0312291639
854,0312303467
855,0312305060
856,0312306326
857,0312308922
858,0312313810
859,031231616X
860,0312316933
861,0312421036
862,0312421273
863,0312421818
864,0312422156
865,031242227X
866,0312423799
867,0312853238
868,031286504X
869,0312868855
870,0312872402
871,0312873115
872,0312875681
873,0312876491
874,0312890044
875,0312901437
876,0312924585
877,0312924801
878,0312925883
879,0312926456
880,0312927746
881,0312950489
882,0312950586
883,0312951426
884,0312951469
885,0312952716
886,0312952813
887,0312953615
888,0312955006
889,0312955731
890,0312956126
891,0312958129
892,0312958455
893,0312961006
894,0312961324
895,0312963009
896,0312963297
897,0312965338
898,0312965680
899,0312966091
900,0312966776
901,0312966806
902,0312966970
903,0312969252
904,0312970072
905,0312971125
906,0312971230
907,0312971346
908,0312971397
909,0312973055
910,0312974256
911,0312976275
912,0312977026
913,0312978332
914,0312978340
915,0312978359
916,0312978367
917,0312978383
918,0312979096
919,0312979398
920,0312979479
921,0312979517
922,0312979533
923,0312979886
924,0312979975
925,0312979983
926,0312980140
927,0312980159
928,0312980388
929,0312981589
930,031298250X
931,0312982518
932,0312982615
933,0312983131
934,0312983212
935,0312983220
936,0312983271
937,031298328X
938,0312983298
939,0312983301
940,0312983433
941,0312983824
942,0312983832
943,0312983867
944,0312984820
945,0312985207
946,0312986343
947,0312986734
948,0312986769
949,0312988249
950,0312989385
951,0312989393
952,0312990456
953,0312991460
954,0312992416
955,0312993536
956,0312995423
957,0316037451
958,0316073016
959,0316089699
960,0316096199
961,0316103098
962,0316107107
963,0316107298
964,0316107352
965,0316107387
966,0316143464
967,0316153915
968,0316153990
969,0316154059
970,0316154067
971,0316154075
972,0316154601
973,0316155306
974,0316158720
975,0316168688
976,0316168815
977,0316182540
978,0316198951
979,0316284955
980,0316287555
981,0316291161
982,0316313068
983,0316316962
984,0316346624
985,0316540838
986,0316569321
987,0316578398
988,0316601950
989,0316602051
990,0316602906
991,0316603287
992,0316603570
993,0316666009
994,0316666343
995,0316678104
996,0316690619
997,0316693006
998,0316693200
999,0316693235
1000,0316693251
1001,0316693286
1002,0316693294
1003,0316693324
1004,0316693642
1005,0316693715
1006,0316710571
1007,0316734837
1008,0316735027
1009,0316735698
1010,0316735736
1011,0316769177
1012,0316769487
1013,0316769495
1014,0316769509
1015,0316776963
1016,0316777722
1017,0316777730
1018,0316779059
1019,0316779237
1020,0316779423
1021,0316779490
1022,0316780375
1023,0316780812
1024,0316781010
1025,0316781142
1026,0316781266
1027,0316782262
1028,0316782505
1029,0316785261
1030,0316785644
1031,0316788228
1032,0316789089
1033,0316789844
1034,0316789976
1035,0316800945
1036,0316812471
1037,0316898163
1038,0316899984
1039,0316899992
1040,0316910333
1041,0316926086
1042,0316929190
1043,0316969443
1044,0316969680
1045,0330253603
1046,0330258648
1047,0330262130
1048,0330267388
1049,0330269828
1050,0330294911
1051,0330300822
1052,0330306839
1053,0330309552
1054,0330312367
1055,033031582
1056,0330327917
1057,0330330276
1058,0330330373
1059,0330332775
1060,0330334026
1061,0330341634
1062,0330345605
1063,0330352695
1064,0330367358
1065,0330375253
1066,0330376136
1067,0330413163
1068,0330480774
1069,0330482203
1070,0330484907
1071,0330485385
1072,0330487612
1073,0330489461
1074,034068948X
1075,034073356X
1076,0340733578
1077,0340766050
1078,0340786051
1079,0345253736
1080,0345272579
1081,0345272587
1082,0345285549
1083,0345285859
1084,0345288238
1085,0345298349
1086,034529873X
1087,0345300203
1088,0345301110
1089,0345303067
1090,0345305183
1091,0345308239
1092,034530988X
1093,0345310020
1094,0345311485
1095,0345313151
1096,0345313755
1097,0345313860
1098,0345314255
1099,0345314484
1100,0345314999
1101,0345315715
1102,0345316002
1103,0345316509
1104,0345317580
1105,0345318854
1106,0345318862
1107,0345320115
1108,0345321383
1109,0345322215
1110,0345322231
1111,0345322401
1112,0345323440
1113,0345323750
1114,034532532X
1115,0345325818
1116,0345326490
1117,0345327861
1118,0345331354
1119,0345333756
1120,0345333926
1121,0345334310
1122,0345334531
1123,0345335082
1124,0345335287
1125,0345335406
1126,0345335457
1127,0345335465
1128,0345335511
1129,0345335651
1130,0345335708
1131,0345336615
1132,0345337662
1133,0345338545
1134,0345338588
1135,0345338715
1136,0345339495
1137,0345339681
1138,0345339703
1139,0345339711
1140,0345339738
1141,0345339967
1142,0345341678
1143,0345342569
1144,0345342968
1145,0345344464
1146,0345345053
1147,0345346491
1148,0345346971
1149,0345347226
1150,0345347536
1151,0345347951
1152,0345348036
1153,0345348109
1154,0345348656
1155,0345350472
1156,0345350499
1157,0345350588
1158,0345350685
1159,0345351525
1160,0345351959
1161,0345352661
1162,0345353145
1163,0345353625
1164,0345354613
1165,0345354621
1166,0345354648
1167,0345354923
1168,0345354931
1169,0345356365
1170,0345356535
1171,0345356578
1172,0345358791
1173,0345358805
1174,0345360001
1175,0345361571
1176,0345361792
1177,0345362861
1178,0345363310
1179,0345366239
1180,034536676X
1181,034536743X
1182,0345367650
1183,0345367898
1184,0345368436
1185,0345368754
1186,0345368932
1187,0345368991
1188,0345369335
1189,0345369351
1190,0345369947
1191,0345370775
1192,0345370805
1193,0345371135
1194,0345371984
1195,0345372050
1196,0345373707
1197,0345374568
1198,0345375211
1199,034537536X
1200,0345375580
1201,0345376579
1202,034537682X
1203,0345377443
1204,0345377591
1205,0345377648
1206,0345378482
1207,0345378490
1208,0345379330
1209,0345379365
1210,0345380193
1211,0345380371
1212,0345381432
1213,0345381645
1214,034538184X
1215,0345382323
1216,034538430X
1217,0345384350
1218,0345384369
1219,0345384377
1220,0345384466
1221,0345384563
1222,034538475X
1223,0345384911
1224,0345386108
1225,0345386132
1226,0345386744
1227,0345387007
1228,0345387554
1229,0345387651
1230,0345389247
1231,0345389417
1232,0345389964
1233,0345390458
1234,034539092X
1235,0345391055
1236,0345391373
1237,0345391802
1238,0345391810
1239,0345391829
1240,0345391837
1241,0345392825
1242,0345394267
1243,034539657X
1244,0345396936
1245,0345397819
1246,034540047X
1247,0345402308
1248,0345402871
1249,034540288X
1250,0345403339
1251,0345403959
1252,0345404114
1253,0345404319
1254,0345404475
1255,0345404769
1256,0345404777
1257,0345404785
1258,0345404793
1259,0345406036
1260,034540727X
1261,034540761X
1262,0345409469
1263,0345409671
1264,0345409876
1265,0345409973
1266,0345410017
1267,034541005X
1268,0345410998
1269,0345411471
1270,034541215X
1271,0345412214
1272,0345412923
1273,0345413350
1274,0345413369
1275,0345413377
1276,0345413865
1277,0345413873
1278,0345413881
1279,034541389X
1280,0345413903
1281,0345416260
1282,0345416600
1283,0345416880
1284,0345417623
1285,0345417976
1286,0345418018
1287,0345418263
1288,0345418778
1289,0345418913
1290,0345419995
1291,0345420438
1292,0345420748
1293,0345422317
1294,0345422384
1295,0345422392
1296,0345422406
1297,0345422473
1298,0345422589
1299,0345422783
1300,0345423097
1301,0345423135
1302,0345423291
1303,0345423399
1304,0345423402
1305,0345423615
1306,0345423879
1307,0345424646
1308,0345424719
1309,0345425308
1310,0345425707
1311,0345426037
1312,0345426274
1313,034542705X
1314,0345427637
1315,0345427653
1316,0345428196
1317,0345428307
1318,0345430573
1319,0345430581
1320,034543076X
1321,0345432401
1322,0345432479
1323,0345433017
1324,0345433084
1325,0345433254
1326,0345433491
1327,0345434250
1328,0345434471
1329,034543448X
1330,0345434498
1331,0345434692
1332,0345434773
1333,034543479X
1334,0345434803
1335,0345434870
1336,0345435028
1337,0345435168
1338,0345435249
1339,0345435273
1340,0345435729
1341,0345435796
1342,0345436911
1343,034543739X
1344,0345438329
1345,0345438825
1346,0345439104
1347,0345439244
1348,0345440021
1349,0345440048
1350,0345440064
1351,0345440137
1352,0345440145
1353,0345440765
1354,0345440781
1355,0345440951
1356,0345441036
1357,0345441133
1358,0345441265
1359,0345442768
1360,0345442822
1361,0345443020
1362,0345443284
1363,034544356X
1364,0345443683
1365,0345444884
1366,0345445724
1367,0345445848
1368,0345445856
1369,0345446666
1370,0345446860
1371,0345447409
1372,0345447832
1373,0345447840
1374,0345447867
1375,0345447980
1376,0345449347
1377,0345450175
1378,0345450663
1379,0345450728
1380,0345450892
1381,0345450914
1382,034545104X
1383,0345452003
1384,0345452062
1385,0345452534
1386,0345452550
1387,0345452569
1388,0345452577
1389,0345452593
1390,0345452704
1391,0345453387
1392,0345453409
1393,0345453549
1394,0345453743
1395,0345453816
1396,0345455711
1397,0345456939
1398,0345457374
1399,0345457641
1400,0345457684
1401,0345458303
1402,0345458915
1403,0345459202
1404,0345459407
1405,0345460359
1406,0345463153
1407,0345465083
1408,0345469674
1409,0349101779
1410,0349101787
1411,0349105715
1412,0349107688
1413,0349110859
1414,0349111863
1415,0349113920
1416,034911675X
1417,0373079613
1418,0373218036
1419,0373218095
1420,0373218192
1421,0373218257
1422,0373218397
1423,0373218400
1424,0373218419
1425,0373218427
1426,0373218443
1427,0373218486
1428,0373218540
1429,0373218958
1430,0373218966
1431,0373218974
1432,0373226144
1433,0373240007
1434,0373240228
1435,0373242328
1436,0373243286
1437,0373243790
1438,0373244487
1439,0373245319
1440,0373250118
1441,0373250126
1442,0373250134
1443,0373250142
1444,0373250150
1445,0373250177
1446,0373250185
1447,0373250193
1448,0373250207
1449,0373250215
1450,0373250223
1451,037325024X
1452,0373250258
1453,0373250266
1454,0373250282
1455,0373250290
1456,0373250312
1457,0373250363
1458,0373250371
1459,0373250428
1460,0373250452
1461,0373250479
1462,037325055X
1463,0373270976
1464,0373285000
1465,0373483503
1466,0373483694
1467,0373483880
1468,0373483899
1469,0373483902
1470,037348397X
1471,0373484003
1472,0373484100
1473,0373484224
1474,0373484232
1475,0373484410
1476,0373484429
1477,0373484836
1478,0373484887
1479,0373484895
1480,0373484909
1481,0373691300
1482,0373710615
1483,0373710992
1484,0373711026
1485,0373711263
1486,0373711735
1487,0373790473
1488,0373790481
1489,0373790899
1490,0373825013
1491,0373825021
1492,037382503X
1493,0373834365
1494,0373834691
1495,0373835280
1496,0373835396
1497,037383568X
1498,0373835876
1499,0373835922
1500,0373872127
1501,0374100128
1502,0374121230
1503,0374128715
1504,0374129983
1505,0374172897
1506,0374199698
1507,0374266441
1508,0374270325
1509,0374281602
1510,0374281947
1511,0374332657
1512,0374373620
1513,0374480095
1514,0374480133
1515,0374525641
1516,0374527229
1517,0375400117
1518,0375401156
1519,0375401598
1520,0375401601
1521,037540256X
1522,0375405445
1523,037540600X
1524,0375406182
1525,0375406328
1526,0375406530
1527,0375410538
1528,0375411070
1529,0375411550
1530,0375411992
1531,0375412530
1532,0375412557
1533,0375412824
1534,037541309X
1535,037541326X
1536,0375413596
1537,0375413634
1538,0375414053
1539,0375414657
1540,0375420827
1541,0375421440
1542,037542217X
1543,0375422307
1544,0375422412
1545,0375500510
1546,0375501347
1547,0375501371
1548,0375501851
1549,0375502025
1550,0375502238
1551,0375502912
1552,0375502947
1553,0375503269
1554,0375504036
1555,0375504397
1556,0375504613
1557,0375504907
1558,0375505997
1559,0375506039
1560,0375506276
1561,0375507493
1562,0375507507
1563,0375507523
1564,0375508562
1565,0375700757
1566,0375701044
1567,0375701214
1568,0375701427
1569,0375701907
1570,0375701966
1571,0375702709
1572,0375703055
1573,0375703063
1574,0375703438
1575,0375703675
1576,0375703764
1577,0375703845
1578,0375703861
1579,0375704027
1580,037570485X
1581,037570504X
1582,0375705171
1583,0375705198
1584,0375705856
1585,0375706062
1586,0375706410
1587,0375706771
1588,0375707166
1589,0375707425
1590,037570745X
1591,0375707972
1592,0375708111
1593,0375708278
1594,037570910X
1595,0375709150
1596,037570924X
1597,0375712925
1598,0375713751
1599,0375719180
1600,0375724370
1601,0375724400
1602,0375724443
1603,0375724672
1604,0375724834
1605,0375725466
1606,0375725601
1607,0375725784
1608,0375725849
1609,0375726349
1610,0375726403
1611,0375727132
1612,0375727345
1613,0375756981
1614,0375757597
1615,0375758232
1616,0375758453
1617,0375758682
1618,0375758771
1619,0375758992
1620,0375759778
1621,0375760393
1622,0375760628
1623,0375760903
1624,0375760911
1625,037576092X
1626,0375803483
1627,0375821813
1628,037582233X
1629,037582345X
1630,0375826688
1631,0380000490
1632,0380001411
1633,0380002450
1634,0380002930
1635,038000321X
1636,0380005239
1637,038000917X
1638,0380012863
1639,0380014033
1640,0380014300
1641,038001503X
1642,0380015390
1643,0380016990
1644,0380017601
1645,0380018179
1646,038039586X
1647,0380400480
1648,0380400634
1649,0380423901
1650,0380470845
1651,0380542625
1652,0380599236
1653,0380600129
1654,0380603764
1655,0380603926
1656,0380619458
1657,0380698439
1658,0380698714
1659,0380698919
1660,0380702843
1661,0380703882
1662,0380704587
1663,038070613X
1664,0380708213
1665,0380709163
1666,0380709244
1667,0380709538
1668,0380709546
1669,0380709562
1670,0380710218
1671,0380710404
1672,0380710722
1673,0380711524
1674,0380713802
1675,0380714752
1676,0380715430
1677,0380715929
1678,0380716542
1679,0380717018
1680,0380718332
1681,0380718340
1682,0380718367
1683,0380718758
1684,0380718839
1685,038071907X
1686,0380719185
1687,0380719223
1688,0380720191
1689,038072118X
1690,038072121X
1691,0380721457
1692,038072152X
1693,0380721643
1694,0380722704
1695,0380723085
1696,038072345X
1697,038072362X
1698,0380723638
1699,0380724979
1700,0380725231
1701,0380725584
1702,0380725703
1703,0380725711
1704,0380725827
1705,0380725835
1706,0380726238
1707,0380726254
1708,0380726262
1709,0380726289
1710,0380726297
1711,0380726815
1712,0380727293
1713,0380727501
1714,0380728133
1715,0380728265
1716,0380728273
1717,0380728729
1718,038072880X
1719,0380729342
1720,0380729407
1721,038072975X
1722,0380730138
1723,0380730200
1724,0380730359
1725,0380730375
1726,0380730448
1727,0380730820
1728,0380730847
1729,0380731479
1730,0380731851
1731,038073186X
1732,0380732149
1733,0380732181
1734,0380732335
1735,0380732661
1736,0380732688
1737,0380750848
1738,0380750872
1739,0380752859
1740,0380752867
1741,0380752891
1742,0380752999
1743,0380753006
1744,0380753014
1745,0380753022
1746,0380754843
1747,0380756234
1748,0380756250
1749,0380756277
1750,0380756285
1751,0380756293
1752,0380757478
1753,0380759489
1754,0380759497
1755,0380759500
1756,0380762560
1757,0380762587
1758,0380762595
1759,0380762609
1760,0380765454
1761,0380765462
1762,0380773155
1763,0380775840
1764,0380778556
1765,0380778726
1766,0380780860
1767,0380784491
1768,0380786230
1769,0380788314
1770,0380788624
1771,0380788756
1772,0380789019
1773,0380789035
1774,0380789612
1775,0380789884
1776,0380789892
1777,0380790904
1778,0380791978
1779,0380791994
1780,0380792028
1781,0380792486
1782,0380792494
1783,0380792648
1784,0380792745
1785,038079439X
1786,0380794489
1787,038079487X
1788,0380795272
1789,0380796090
1790,0380796104
1791,0380797399
1792,0380798395
1793,0380798581
1794,0380800780
1795,0380804387
1796,0380804557
1797,0380804697
1798,0380804700
1799,0380805707
1800,0380805995
1801,0380807122
1802,0380807149
1803,038080719X
1804,0380807343
1805,0380808072
1806,0380808080
1807,0380809362
1808,038081093X
1809,0380811065
1810,0380811081
1811,0380811987
1812,0380812037
1813,0380813815
1814,0380814021
1815,038081403X
1816,0380814390
1817,0380814676
1818,0380814803
1819,0380815923
1820,0380815931
1821,0380816547
1822,0380816555
1823,038081658X
1824,0380817144
1825,0380817683
1826,0380817691
1827,0380817705
1828,0380818191
1829,0380818973
1830,0380819627
1831,0380819643
1832,0380820056
1833,0380820145
1834,0380820293
1835,0380820447
1836,0380820846
1837,0380820854
1838,0380820889
1839,038082101X
1840,0380841940
1841,0380868768
1842,0380871556
1843,0380892847
1844,0380896931
1845,038089968X
1846,0380899825
1847,0380973464
1848,0380973545
1849,0380973650
1850,038097407X
1851,0380975068
1852,0380977303
1853,0380977311
1854,0380977737
1855,0380977761
1856,0380977788
1857,0380978407
1858,0380978415
1859,0380978857
1860,0385121679
1861,0385182449
1862,0385199570
1863,0385234104
1864,0385259417
1865,0385259956
1866,0385260075
1867,0385260083
1868,0385265565
1869,0385265700
1870,0385285965
1871,038529929X
1872,0385301499
1873,0385302304
1874,0385304900
1875,0385306024
1876,0385306032
1877,0385306040
1878,0385306059
1879,0385311109
1880,0385311400
1881,0385311923
1882,0385312202
1883,0385312377
1884,038531258X
1885,038531292X
1886,0385313012
1887,0385314280
1888,0385314337
1889,0385314388
1890,0385314698
1891,0385314744
1892,0385315090
1893,0385315147
1894,0385315236
1895,0385315279
1896,0385315309
1897,0385315724
1898,0385316577
1899,0385316860
1900,0385316895
1901,0385316917
1902,038531695X
1903,038531700X
1904,0385317018
1905,0385317093
1906,0385318073
1907,0385318782
1908,0385319002
1909,0385319037
1910,0385319207
1911,0385319444
1912,0385319568
1913,0385323638
1914,0385324057
1915,0385332963
1916,038533303X
1917,0385333064
1918,0385333137
1919,0385333293
1920,038533334X
1921,0385333412
1922,0385333463
1923,038533348X
1924,0385333498
1925,0385333846
1926,0385333927
1927,0385334036
1928,0385334206
1929,0385334729
1930,0385334923
1931,0385335121
1932,0385335431
1933,0385335466
1934,0385335482
1935,0385335490
1936,0385335520
1937,0385335555
1938,038533558X
1939,0385335679
1940,0385335830
1941,0385335881
1942,0385336179
1943,0385336306
1944,0385336314
1945,0385336489
1946,038533656X
1947,0385336667
1948,0385336772
1949,0385336810
1950,0385337116
1951,0385337477
1952,0385337639
1953,0385413041
1954,0385413726
1955,0385416342
1956,0385418493
1957,0385419287
1958,0385420161
1959,038542017X
1960,0385421982
1961,038542471X
1962,0385424728
1963,0385424736
1964,0385425473
1965,0385472943
1966,0385472951
1967,0385473117
1968,0385473788
1969,0385474016
1970,0385474547
1971,0385475713
1972,0385475721
1973,0385475772
1974,0385479565
1975,0385480016
1976,0385481969
1977,0385482388
1978,0385483503
1979,0385484011
1980,0385484518
1981,0385486804
1982,0385489129
1983,038548951X
1984,0385489935
1985,0385490445
1986,038549081X
1987,0385490992
1988,0385491026
1989,0385491034
1990,0385491077
1991,038549128X
1992,0385492081
1993,0385493800
1994,0385494149
1995,0385494246
1996,0385495641
1997,0385496095
1998,0385497288
1999,038549744X
2000,0385497466
2001,0385497946
2002,0385498411
2003,0385498721
2004,0385498799
2005,0385498802
2006,0385499345
2007,0385499825
2008,038550120X
2009,0385501560
2010,0385502532
2011,0385503822
2012,0385503857
2013,0385503954
2014,0385504209
2015,0385504268
2016,0385504470
2017,0385505833
2018,0385507593
2019,0385507607
2020,0385508042
2021,0385508417
2022,038550926X
2023,0385509456
2024,0385509510
2025,0385510438
2026,0385511612
2027,0385512104
2028,0385512147
2029,0385603401
2030,0385605145
2031,0385658117
2032,0385658176
2033,0385720106
2034,0385720114
2035,0385720211
2036,0385720467
2037,0385720920
2038,0385720955
2039,0385721234
2040,0385721358
2041,0385721420
2042,0385721676
2043,038572179X
2044,0385722192
2045,0385722206
2046,0385722435
2047,0385729332
2048,0385729340
2049,0385730586
2050,0393039242
2051,039304016X
2052,039304632X
2053,0393046974
2054,0393050424
2055,0393050939
2056,0393300560
2057,0393307050
2058,0393308804
2059,0393310396
2060,0393312801
2061,0393312836
2062,0393314804
2063,0393315606
2064,0393316041
2065,0393317552
2066,0393319296
2067,0393325172
2068,0394223802
2069,0394281802
2070,0394281829
2071,0394404289
2072,0394498216
2073,0394541545
2074,0394550846
2075,0394551907
2076,0394558235
2077,0394559517
2078,0394561619
2079,0394563492
2080,0394571029
2081,0394572343
2082,0394574745
2083,0394574753
2084,0394580567
2085,0394585852
2086,0394587863
2087,0394588169
2088,0394589955
2089,0394700023
2090,0394726413
2091,0394740181
2092,0394742117
2093,0394743199
2094,0394744209
2095,0394747232
2096,0394751043
2097,0394755111
2098,0394756827
2099,0394758285
2100,039480001X
2101,0394800028
2102,0394800133
2103,0394800168
2104,0394800184
2105,0394800206
2106,039480029X
2107,0394800389
2108,0394800796
2109,0394805720
2110,039480967X
2111,0394820371
2112,0394823370
2113,0394825993
2114,0394839129
2115,0394871804
2116,0394895894
2117,0394900014
2118,0395083567
2119,0395177111
2120,0395353009
2121,0395669588
2122,039575514X
2123,0395859972
2124,0395866502
2125,0395869463
2126,0395926882
2127,039592720X
2128,0395927218
2129,0395977894
2130,0397306938
2131,039913039X
2132,0399131493
2133,0399133143
2134,0399133453
2135,0399134204
2136,0399134409
2137,0399135782
2138,0399135790
2139,0399136150
2140,0399137378
2141,0399137769
2142,0399138250
2143,0399138684
2144,0399138714
2145,0399138749
2146,0399139540
2147,0399139818
2148,0399140093
2149,0399140557
2150,0399140751
2151,0399141065
2152,039914112X
2153,0399141146
2154,0399141200
2155,0399141308
2156,0399141464
2157,0399141928
2158,039914210X
2159,0399142185
2160,0399142282
2161,0399142495
2162,0399142789
2163,0399142851
2164,0399142983
2165,0399142991
2166,0399143165
2167,0399143335
2168,0399143629
2169,0399143661
2170,0399143904
2171,0399143947
2172,0399144315
2173,0399144463
2174,039914465X
2175,0399144714
2176,0399144927
2177,039914496X
2178,0399145079
2179,0399145087
2180,0399145621
2181,039914563X
2182,0399145672
2183,0399145702
2184,0399145885
2185,0399145923
2186,0399145990
2187,0399146008
2188,0399146113
2189,039914613X
2190,0399146164
2191,0399146253
2192,0399146431
2193,0399146504
2194,0399146601
2195,0399146652
2196,0399146725
2197,039914675X
2198,0399147101
2199,0399147128
2200,0399147195
2201,0399147284
2202,0399147381
2203,039914739X
2204,0399147772
2205,039914787X
2206,0399148019
2207,0399148027
2208,0399148248
2209,039914840X
2210,0399148450
2211,0399148469
2212,0399148639
2213,039914868X
2214,0399148701
2215,0399148728
2216,0399148779
2217,0399149155
2218,0399149244
2219,0399149295
2220,0399149325
2221,0399149392
2222,0399149422
2223,0399149759
2224,0399149775
2225,0399149783
2226,0399149821
2227,0399149848
2228,0399149864
2229,0399150439
2230,0399150560
2231,039915079X
2232,0399150838
2233,0399150854
2234,0399150897
2235,0399150900
2236,0399151060
2237,0399151273
2238,0399151397
2239,0399151443
2240,0399151451
2241,0399151540
2242,0399151613
2243,0399151648
2244,039915180X
2245,0399151877
2246,0399152288
2247,0399230033
2248,0399501487
2249,0399522115
2250,0413537900
2251,0413588106
2252,042507160X
2253,0425077047
2254,0425080021
2255,0425081818
2256,0425083837
2257,0425092178
2258,0425092917
2259,0425093328
2260,0425097609
2261,0425097722
2262,0425097773
2263,0425098605
2264,0425098648
2265,0425098680
2266,0425099148
2267,0425099334
2268,0425100650
2269,042510107X
2270,0425101452
2271,0425102416
2272,0425104338
2273,0425104346
2274,0425105334
2275,0425105679
2276,042510687X
2277,0425107469
2278,0425109720
2279,0425113884
2280,0425114236
2281,0425115801
2282,0425116840
2283,0425117383
2284,042511774X
2285,0425118703
2286,0425119653
2287,042511984X
2288,0425119920
2289,0425120279
2290,0425121259
2291,0425121631
2292,042512164X
2293,0425122123
2294,0425124347
2295,0425125467
2296,0425126064
2297,0425127583
2298,0425127923
2299,0425128164
2300,0425129586
2301,0425130215
2302,0425130711
2303,0425131769
2304,0425132048
2305,0425132935
2306,0425132951
2307,042513329X
2308,0425133516
2309,0425133540
2310,0425133656
2311,0425134350
2312,0425135020
2313,042513525X
2314,0425135721
2315,0425136191
2316,0425136981
2317,042513699X
2318,0425137562
2319,0425137937
2320,0425138232
2321,0425140032
2322,0425140946
2323,0425140989
2324,0425141233
2325,0425141551
2326,0425142485
2327,0425143325
2328,0425144062
2329,0425144372
2330,0425144429
2331,042514545X
2332,0425145638
2333,0425146413
2334,0425146812
2335,0425147363
2336,0425147517
2337,042514755X
2338,0425147584
2339,0425147622
2340,0425148297
2341,0425150143
2342,0425150984
2343,0425151379
2344,0425151867
2345,0425151875
2346,0425152251
2347,0425152499
2348,0425152898
2349,0425152901
2350,0425153789
2351,0425153975
2352,0425154092
2353,0425154882
2354,0425155188
2355,0425155293
2356,0425155404
2357,0425155722
2358,0425155943
2359,042515601X
2360,0425157164
2361,0425157466
2362,0425157539
2363,0425157628
2364,0425157989
2365,0425158594
2366,0425158616
2367,0425158632
2368,0425158640
2369,0425160394
2370,042516098X
2371,0425161242
2372,0425161722
2373,0425162443
2374,0425162591
2375,0425162788
2376,0425163385
2377,0425163407
2378,0425163865
2379,0425164349
2380,0425165566
2381,0425165701
2382,0425166619
2383,0425166929
2384,0425167313
2385,0425167720
2386,0425167801
2387,0425168220
2388,042516828X
2389,0425168298
2390,0425168468
2391,042516876X
2392,0425169693
2393,0425169863
2394,0425170349
2395,0425171396
2396,0425171493
2397,0425171884
2398,0425172546
2399,0425172996
2400,0425173631
2401,0425173755
2402,0425173895
2403,0425174271
2404,0425174344
2405,0425174484
2406,0425174808
2407,0425175111
2408,0425175367
2409,0425175405
2410,0425176045
2411,0425176304
2412,0425176487
2413,0425176932
2414,0425177009
2415,0425177068
2416,0425177173
2417,0425177351
2418,042517736X
2419,0425178102
2420,0425178579
2421,0425178765
2422,0425178951
2423,0425179230
2424,0425179559
2425,0425179605
2426,0425179613
2427,0425179672
2428,0425179885
2429,0425180050
2430,0425180638
2431,0425180964
2432,042518109X
2433,0425181103
2434,0425181111
2435,0425181200
2436,0425181456
2437,0425181464
2438,0425181685
2439,0425182010
2440,0425182150
2441,0425182673
2442,042518272X
2443,0425182843
2444,042518286X
2445,0425182878
2446,0425182886
2447,0425182908
2448,0425183130
2449,0425183181
2450,042518336X
2451,0425183750
2452,0425183971
2453,042518403X
2454,0425184056
2455,0425184129
2456,0425184226
2457,0425184234
2458,0425184528
2459,0425184943
2460,0425185710
2461,042518630X
2462,0425187055
2463,0425187063
2464,0425188361
2465,0425188787
2466,0425188809
2467,0425189031
2468,042518904X
2469,0425189864
2470,0425190447
2471,0425190641
2472,0425190919
2473,0425191184
2474,0425191583
2475,0425191729
2476,0425192032
2477,0425192725
2478,0425192733
2479,0425192741
2480,0425192938
2481,0425193993
2482,0425194515
2483,042519485X
2484,0425195139
2485,0425195449
2486,0432534220
2487,0439010772
2488,0439049962
2489,0439049989
2490,0439050006
2491,0439064864
2492,0439064872
2493,0439082110
2494,043912042X
2495,0439130204
2496,0439136350
2497,0439136369
2498,0439139597
2499,0439139600
2500,0439149770
2501,0439324599
2502,043935806X
2503,043936213X
2504,0439404371
2505,0439425220
2506,043965548X
2507,0439997119
2508,0440108268
2509,0440110653
2510,0440111498
2511,0440111811
2512,0440114764
2513,044011585X
2514,0440117437
2515,0440117658
2516,0440118700
2517,0440120500
2518,0440122090
2519,0440123925
2520,0440124344
2521,0440126894
2522,0440127793
2523,0440131480
2524,0440133688
2525,0440136482
2526,0440145465
2527,0440146577
2528,0440147956
2529,0440158532
2530,0440166497
2531,0440167531
2532,0440168724
2533,0440169127
2534,0440170796
2535,0440170842
2536,0440173701
2537,0440173922
2538,0440174643
2539,0440176484
2540,0440177049
2541,0440178002
2542,0440180295
2543,0440180953
2544,0440183057
2545,0440184053
2546,0440184622
2547,0440185327
2548,0440186560
2549,0440193613
2550,0440194784
2551,0440195934
2552,0440200563
2553,0440200989
2554,0440201330
2555,0440201926
2556,0440201969
2557,0440202043
2558,0440202507
2559,044020271X
2560,044020352X
2561,0440203856
2562,0440204194
2563,0440204208
2564,0440204399
2565,044020447X
2566,0440204887
2567,0440205573
2568,044020562X
2569,0440206154
2570,0440207622
2571,0440207770
2572,0440208149
2573,0440208459
2574,0440209412
2575,0440209803
2576,0440210690
2577,0440211263
2578,044021145X
2579,0440211697
2580,0440211727
2581,0440211891
2582,0440212359
2583,0440212561
2584,0440212723
2585,0440212812
2586,0440213029
2587,0440213282
2588,0440213290
2589,0440213320
2590,0440213460
2591,0440213525
2592,0440213991
2593,0440214041
2594,0440214114
2595,0440214424
2596,0440214432
2597,0440214920
2598,0440215285
2599,0440215625
2600,0440215900
2601,0440216540
2602,0440216745
2603,0440216818
2604,0440216842
2605,0440216877
2606,0440217466
2607,0440217490
2608,0440217512
2609,0440217520
2610,0440217547
2611,0440217563
2612,0440218535
2613,044021873X
2614,0440219078
2615,0440219248
2616,0440219760
2617,0440220394
2618,0440220424
2619,0440220459
2620,0440220602
2621,0440220653
2622,0440220696
2623,0440220734
2624,0440220793
2625,044022103X
2626,0440221099
2627,0440221315
2628,0440221420
2629,0440221471
2630,0440221501
2631,0440221595
2632,044022165X
2633,0440222028
2634,0440222656
2635,0440222818
2636,0440222842
2637,0440223016
2638,0440223202
2639,0440223237
2640,044022330X
2641,0440223571
2642,0440223806
2643,0440224039
2644,0440224047
2645,0440224055
2646,0440224071
2647,044022425X
2648,0440224594
2649,0440224624
2650,0440224675
2651,0440224705
2652,0440224713
2653,0440224721
2654,044022473X
2655,0440224764
2656,0440224772
2657,0440224780
2658,0440224810
2659,0440224829
2660,0440224837
2661,0440224845
2662,0440224853
2663,0440224861
2664,0440225108
2665,0440225299
2666,0440225442
2667,0440225590
2668,0440225698
2669,0440225701
2670,0440225817
2671,0440225825
2672,044022604X
2673,0440226104
2674,0440226198
2675,0440226406
2676,0440226414
2677,0440226430
2678,0440226449
2679,0440226686
2680,0440227259
2681,0440228352
2682,044022859X
2683,0440228654
2684,0440229499
2685,0440234743
2686,0440234859
2687,0440235057
2688,044023512X
2689,0440235146
2690,0440235154
2691,0440235162
2692,0440235448
2693,0440235502
2694,0440235596
2695,044023574X
2696,0440235774
2697,0440235804
2698,0440236053
2699,0440236061
2700,0440236169
2701,0440236665
2702,0440236673
2703,044023669X
2704,0440236703
2705,044023672X
2706,0440236738
2707,0440236754
2708,0440236819
2709,0440236851
2710,0440236991
2711,0440237009
2712,0440237025
2713,044023719X
2714,044023722X
2715,0440237262
2716,0440237300
2717,0440237416
2718,0440237556
2719,0440237688
2720,0440240751
2721,0440241006
2722,0440241057
2723,0440241065
2724,0440241073
2725,0440241162
2726,044024126X
2727,0440241413
2728,0440241537
2729,0440242002
2730,0440295653
2731,044029584X
2732,0440295858
2733,044029598X
2734,0440314887
2735,0440330076
2736,0440343194
2737,0440343690
2738,0440351626
2739,0440400759
2740,0440401585
2741,0440403278
2742,0440404193
2743,0440405483
2744,0440406498
2745,0440407028
2746,0440407524
2747,0440414121
2748,0440414806
2749,0440415632
2750,0440418321
2751,044041833X
2752,0440419468
2753,0440422256
2754,0440428130
2755,0440431808
2756,0440435749
2757,0440439884
2758,0440442508
2759,0440445450
2760,0440472431
2761,0440479002
2762,0440484332
2763,044048474X
2764,0440486599
2765,0440487617
2766,0440495962
2767,0440496039
2768,0440498058
2769,0440503647
2770,0440514428
2771,0440539811
2772,0440900794
2773,0440901588
2774,0440904196
2775,0440931800
2776,0440932599
2777,0440940001
2778,0440944597
2779,0440945151
2780,0440967694
2781,0440972329
2782,0440984696
2783,0440986524
2784,044098761X
2785,0440993717
2786,0440995779
2787,0440998050
2788,0441000312
2789,044100069X
2790,0441000916
2791,0441001416
2792,0441001971
2793,0441002617
2794,0441002935
2795,044100315X
2796,0441003257
2797,0441003389
2798,0441003745
2799,0441004326
2800,0441004520
2801,0441005241
2802,0441005489
2803,0441005748
2804,0441005764
2805,0441005837
2806,0441006256
2807,0441007813
2808,0441008534
2809,0441008658
2810,044100914X
2811,0441009239
2812,0441010512
2813,0441010652
2814,0441068804
2815,0441102670
2816,0441104029
2817,0441117732
2818,0441172695
2819,0441172717
2820,0441294677
2821,0441304834
2822,0441328091
2823,0441338518
2824,0441359175
2825,0441478123
2826,0441569595
2827,0441627404
2828,0441644511
2829,044166251X
2830,0441694543
2831,0441735762
2832,0441783589
2833,0441790348
2834,0441810764
2835,0445406518
2836,0446301582
2837,0446310786
2838,0446311774
2839,0446322180
2840,0446328731
2841,0446341916
2842,0446343455
2843,0446350109
2844,0446350982
2845,0446353205
2846,0446353957
2847,0446354678
2848,0446354732
2849,0446355569
2850,0446356018
2851,0446356611
2852,0446356875
2853,0446357405
2854,0446358576
2855,0446358592
2856,0446359750
2857,0446359866
2858,0446360511
2859,0446360589
2860,0446360856
2861,0446361739
2862,0446363251
2863,0446363669
2864,0446364150
2865,0446364193
2866,0446364266
2867,0446364282
2868,0446364495
2869,0446364622
2870,0446364703
2871,0446364754
2872,0446364762
2873,0446364800
2874,0446365386
2875,0446365505
2876,0446387878
2877,0446391301
2878,0446394521
2879,0446400157
2880,0446515051
2881,044651506X
2882,0446515078
2883,0446516317
2884,0446516325
2885,044651652X
2886,0446516538
2887,0446516570
2888,0446517380
2889,044651747X
2890,0446518581
2891,044651862X
2892,0446519081
2893,0446519138
2894,0446519537
2895,0446519723
2896,044651974X
2897,0446519790
2898,0446519804
2899,0446520756
2900,0446520802
2901,044652087X
2902,0446521582
2903,0446522252
2904,0446522597
2905,0446522740
2906,0446523089
2907,0446523232
2908,0446523321
2909,0446523569
2910,0446524131
2911,0446525502
2912,0446525537
2913,0446525731
2914,0446525774
2915,0446525804
2916,0446526126
2917,0446527017
2918,0446527033
2919,0446527041
2920,0446527130
2921,0446527165
2922,0446527289
2923,0446527297
2924,0446527785
2925,0446527793
2926,0446529788
2927,0446530077
2928,0446530239
2929,0446530387
2930,0446530522
2931,0446530891
2932,0446531316
2933,0446531332
2934,0446531480
2935,0446532231
2936,0446532452
2937,0446533041
2938,0446600253
2939,0446600342
2940,0446600415
2941,0446600466
2942,0446600474
2943,0446600660
2944,0446601241
2945,0446601640
2946,0446601853
2947,0446601977
2948,0446602213
2949,0446602345
2950,0446602450
2951,0446602612
2952,0446602620
2953,0446602744
2954,0446603309
2955,0446603392
2956,0446603422
2957,0446603503
2958,0446603589
2959,0446603651
2960,0446603716
2961,0446603775
2962,0446603856
2963,0446603929
2964,0446604089
2965,0446604232
2966,0446604275
2967,0446604402
2968,0446604534
2969,0446604658
2970,0446604666
2971,0446604801
2972,0446604844
2973,0446605239
2974,0446605336
2975,0446605409
2976,0446605484
2977,0446605581
2978,0446606189
2979,0446606243
2980,0446606251
2981,0446606324
2982,0446606383
2983,0446606774
2984,0446606812
2985,0446607177
2986,0446607193
2987,0446607207
2988,0446607258
2989,0446607274
2990,0446607339
2991,0446607657
2992,0446607711
2993,0446608122
2994,0446608262
2995,0446608378
2996,0446608386
2997,0446608602
2998,0446608653
2999,0446608815
3000,0446608890
3001,0446608955
3002,0446609145
3003,0446609323
3004,0446609404
3005,0446609617
3006,0446609781
3007,0446609943
3008,0446609951
3009,0446610038
3010,0446610100
3011,0446610127
3012,0446610178
3013,0446610232
3014,0446610399
3015,0446610542
3016,0446610550
3017,044661064X
3018,0446610771
3019,044661095X
3020,0446611085
3021,0446611212
3022,0446611239
3023,0446611360
3024,0446611379
3025,0446611476
3026,0446611611
3027,044661162X
3028,0446611638
3029,0446611778
3030,0446611808
3031,0446611859
3032,0446611867
3033,0446611913
3034,0446611921
3035,044661193X
3036,0446612510
3037,0446612545
3038,0446612618
3039,0446612626
3040,0446612731
3041,0446612790
3042,0446612804
3043,0446613266
3044,0446613436
3045,0446613444
3046,0446613843
3047,0446615145
3048,0446667900
3049,0446670111
3050,0446670251
3051,0446671002
3052,0446671444
3053,0446672211
3054,0446672351
3055,0446673544
3056,0446674249
3057,0446675059
3058,0446675776
3059,0446676098
3060,0446676101
3061,0446677043
3062,0446677450
3063,0446677507
3064,0446677922
3065,0446678457
3066,0446679046
3067,0446679364
3068,0446679593
3069,0446691798
3070,0446692298
3071,0446802204
3072,0448060191
3073,0448095017
3074,0448095025
3075,0448095041
3076,044809505X
3077,0449000265
3078,0449000869
3079,0449002411
3080,0449002632
3081,0449002985
3082,0449003183
3083,0449003655
3084,0449003701
3085,044900371X
3086,0449003787
3087,0449003795
3088,0449003981
3089,044900483X
3090,0449005615
3091,0449005836
3092,0449005909
3093,0449005925
3094,0449006344
3095,0449006522
3096,0449006530
3097,0449006565
3098,0449134482
3099,0449149056
3100,0449149080
3101,0449149676
3102,0449149900
3103,0449149986
3104,0449200221
3105,0449203794
3106,0449204324
3107,0449205878
3108,0449206440
3109,0449206475
3110,0449207544
3111,0449207552
3112,0449207757
3113,0449208109
3114,0449208133
3115,0449208281
3116,0449208672
3117,0449209997
3118,0449210677
3119,0449210820
3120,0449210952
3121,0449211479
3122,0449211681
3123,0449211991
3124,0449212084
3125,0449212394
3126,0449212602
3127,0449212750
3128,0449213323
3129,0449213447
3130,0449213730
3131,0449213943
3132,0449215024
3133,0449215296
3134,0449216861
3135,0449217205
3136,0449217264
3137,0449217493
3138,0449219364
3139,0449219372
3140,0449219399
3141,0449219410
3142,0449219461
3143,0449219569
3144,0449220184
3145,044922046X
3146,0449221180
3147,0449221393
3148,0449221482
3149,0449221490
3150,0449221504
3151,0449221512
3152,0449223043
3153,0449223345
3154,0449223604
3155,0449223612
3156,0449224392
3157,0449225046
3158,0449225151
3159,0449227421
3160,0449227545
3161,0449227944
3162,0449232921
3163,0449235998
3164,0449300021
3165,0449702545
3166,0449702766
3167,0449904067
3168,0449907481
3169,0449907597
3170,0449908798
3171,044990928X
3172,0449910237
3173,0449910571
3174,0449910644
3175,0449910830
3176,0449911004
3177,0449911012
3178,0449911357
3179,0449911446
3180,0449911519
3181,0449911594
3182,0449912558
3183,0450411435
3184,0451092163
3185,0451099648
3186,0451117298
3187,0451119932
3188,0451124340
3189,0451128370
3190,0451128389
3191,0451131312
3192,0451131517
3193,0451132343
3194,0451132378
3195,0451137965
3196,0451141083
3197,0451142934
3198,0451146425
3199,0451147367
3200,0451147960
3201,0451149513
3202,0451151259
3203,0451152190
3204,0451153553
3205,0451155750
3206,0451156609
3207,0451157443
3208,0451158717
3209,0451160312
3210,0451160444
3211,0451160525
3212,0451160533
3213,0451160916
3214,0451160959
3215,0451161343
3216,0451161351
3217,0451161394
3218,0451162072
3219,0451162145
3220,0451162188
3221,0451163494
3222,0451163516
3223,0451163524
3224,0451163540
3225,0451163966
3226,0451165594
3227,0451166582
3228,0451166604
3229,0451166876
3230,0451166884
3231,0451166892
3232,0451167317
3233,0451167538
3234,0451167716
3235,0451167783
3236,0451167805
3237,0451168089
3238,0451168364
3239,0451168615
3240,0451169514
3241,0451169522
3242,0451169530
3243,0451170113
3244,0451170385
3245,0451170725
3246,0451171810
3247,0451171926
3248,0451172817
3249,0451173139
3250,0451173317
3251,0451176464
3252,0451176723
3253,0451176812
3254,0451177037
3255,0451177096
3256,0451179188
3257,0451179285
3258,0451180054
3259,0451180232
3260,0451180410
3261,0451180429
3262,0451181379
3263,0451181468
3264,0451183665
3265,0451183746
3266,0451183940
3267,0451184327
3268,0451184718
3269,0451184726
3270,0451184963
3271,0451185277
3272,0451186362
3273,0451186648
3274,0451186923
3275,0451187849
3276,0451187903
3277,0451188454
3278,0451188462
3279,0451188470
3280,0451188489
3281,0451190157
3282,0451190491
3283,0451190521
3284,0451190548
3285,0451190556
3286,0451190564
3287,0451190572
3288,0451190750
3289,0451191013
3290,0451191137
3291,0451191145
3292,0451191153
3293,0451191722
3294,0451192001
3295,0451192036
3296,0451192303
3297,0451193881
3298,0451194004
3299,0451194861
3300,0451194888
3301,0451196716
3302,0451197038
3303,0451197399
3304,0451197410
3305,0451197429
3306,0451197747
3307,0451197879
3308,0451198387
3309,0451198514
3310,0451198638
3311,0451198808
3312,0451199685
3313,0451200101
3314,0451200152
3315,0451201256
3316,0451201558
3317,0451201744
3318,0451202244
3319,0451202317
3320,0451202341
3321,0451202473
3322,0451202503
3323,0451202538
3324,0451202546
3325,0451202821
3326,0451202856
3327,0451203070
3328,0451203585
3329,0451203593
3330,0451203771
3331,0451203895
3332,0451203933
3333,0451204115
3334,0451204123
3335,0451204301
3336,0451204530
3337,0451204891
3338,0451204948
3339,0451204956
3340,0451205073
3341,0451205146
3342,0451205367
3343,0451205421
3344,0451205561
3345,0451205626
3346,0451206002
3347,0451206525
3348,0451206673
3349,0451206711
3350,0451206754
3351,0451206878
3352,0451207246
3353,0451207521
3354,045120753X
3355,0451207645
3356,0451207947
3357,0451207955
3358,0451208072
3359,0451208080
3360,0451208765
3361,0451208811
3362,0451208862
3363,0451209028
3364,045120915X
3365,0451209168
3366,0451209710
3367,0451209907
3368,0451210158
3369,0451210638
3370,0451210743
3371,0451210980
3372,0451213599
3373,0451403703
3374,0451405498
3375,0451407636
3376,0451408462
3377,0451408888
3378,0451408977
3379,0451409000
3380,0451409256
3381,0451409361
3382,0451409450
3383,0451409973
3384,0451410017
3385,0451410319
3386,0451410556
3387,0451410742
3388,0451410777
3389,0451410947
3390,0451411013
3391,0451411129
3392,0451411137
3393,0451451155
3394,0451451430
3395,0451452011
3396,0451452615
3397,0451453573
3398,0451454243
3399,0451454537
3400,0451456521
3401,0451456718
3402,0451456734
3403,0451457307
3404,0451457730
3405,0451457811
3406,0451457897
3407,0451457994
3408,0451458125
3409,0451458370
3410,0451458621
3411,0451459067
3412,0451519841
3413,0451521285
3414,0451521951
3415,0451523202
3416,0451523369
3417,0451523377
3418,0451523385
3419,0451523415
3420,0451523660
3421,0451523733
3422,0451524667
3423,0451524934
3424,0451525264
3425,0451525795
3426,0451525884
3427,0451526341
3428,0451526554
3429,0451526775
3430,0451628039
3431,0451628055
3432,0452257743
3433,0452260116
3434,0452261368
3435,0452262143
3436,0452262933
3437,0452264464
3438,0452264790
3439,0452266564
3440,0452266637
3441,0452268060
3442,0452269571
3443,0452269652
3444,0452272319
3445,0452274427
3446,0452277337
3447,0452278902
3448,0452279070
3449,0452279178
3450,0452279607
3451,0452280397
3452,0452280621
3453,0452281032
3454,0452281202
3455,0452281431
3456,0452281458
3457,0452281636
3458,0452281679
3459,0452281725
3460,0452281768
3461,0452281784
3462,0452281881
3463,0452281903
3464,0452282128
3465,0452282152
3466,0452282195
3467,0452282268
3468,0452282276
3469,0452282829
3470,0452282934
3471,0452282977
3472,0452283027
3473,0452283086
3474,0452283205
3475,0452283442
3476,0452283868
3477,0452283914
3478,0452283930
3479,0452284295
3480,0452284449
3481,0452284937
3482,0452285011
3483,0452285186
3484,0465014909
3485,0486250334
3486,0486264645
3487,0486264785
3488,0486266850
3489,0486268780
3490,0486270513
3491,0486270610
3492,0486270629
3493,0486270696
3494,048627263X
3495,0486275574
3496,0486275639
3497,0486278077
3498,0486280616
3499,0486281965
3500,0486282112
3501,0486284735
3502,0486284999
3503,0486295559
3504,050552208X
3505,050552354X
3506,0505523728
3507,0505523752
3508,0505523892
3509,0505524090
3510,0505524333
3511,0505524503
3512,0505525178
3513,0505525526
3514,0515087122
3515,0515087491
3516,0515087947
3517,051508901X
3518,0515090166
3519,0515090174
3520,0515090395
3521,0515090506
3522,051509160X
3523,0515093203
3524,0515093556
3525,0515094773
3526,0515094978
3527,0515095826
3528,0515099511
3529,0515099546
3530,0515101222
3531,0515101230
3532,0515102636
3533,0515102652
3534,0515103292
3535,0515103969
3536,051510566X
3537,0515107662
3538,0515107867
3539,0515108030
3540,0515109509
3541,0515110396
3542,051511054X
3543,0515110973
3544,0515111279
3545,0515111317
3546,0515112305
3547,051511264X
3548,0515113328
3549,0515113514
3550,0515114006
3551,0515114693
3552,0515115630
3553,0515115649
3554,051511605X
3555,0515116068
3556,0515116173
3557,0515116246
3558,0515116475
3559,0515116750
3560,0515117234
3561,051511779X
3562,0515118230
3563,0515118249
3564,0515118559
3565,0515118656
3566,0515119202
3567,0515119644
3568,0515119652
3569,0515119784
3570,051511992X
3571,0515120006
3572,0515120278
3573,0515120456
3574,0515120618
3575,0515120898
3576,0515121495
3577,0515121843
3578,051512219X
3579,0515122408
3580,0515122491
3581,0515122564
3582,0515122734
3583,051512317X
3584,0515123447
3585,0515123471
3586,0515123498
3587,0515124060
3588,0515124206
3589,0515124214
3590,0515124621
3591,051512463X
3592,0515124893
3593,0515125490
3594,051512558X
3595,0515125628
3596,051512608X
3597,0515126098
3598,0515126489
3599,0515126772
3600,0515127213
3601,0515127221
3602,0515127396
3603,0515127485
3604,0515127833
3605,0515128015
3606,0515128546
3607,0515128554
3608,0515128600
3609,0515128821
3610,051512902X
3611,0515129038
3612,0515129224
3613,0515129933
3614,0515129941
3615,0515130044
3616,0515130125
3617,0515130389
3618,0515130923
3619,0515130966
3620,0515131083
3621,0515131091
3622,0515131210
3623,0515131229
3624,0515131660
3625,0515131679
3626,051513175X
3627,0515132020
3628,0515132039
3629,0515132136
3630,0515132187
3631,051513225X
3632,0515132268
3633,0515132292
3634,051513239X
3635,0515132624
3636,051513287X
3637,051513290X
3638,051513306X
3639,0515133302
3640,0515133310
3641,0515133418
3642,0515133639
3643,0515133876
3644,0515133973
3645,0515134279
3646,0515134368
3647,0515134384
3648,0515134449
3649,0515134457
3650,0515134465
3651,0515134481
3652,051513449X
3653,051513452X
3654,0515134864
3655,0515135062
3656,0515135216
3657,0515135356
3658,0515135739
3659,051513595X
3660,0515135968
3661,0515136190
3662,0515136204
3663,0515136263
3664,051513628X
3665,0515136379
3666,0515136530
3667,0515136549
3668,0515136557
3669,0515137111
3670,0515137200
3671,0517093650
3672,0517122707
3673,0517149257
3674,0517542099
3675,0517554399
3676,0517556278
3677,0517577402
3678,0517577550
3679,0517580497
3680,0517595338
3681,0517595753
3682,0517598493
3683,0517693119
3684,0517702967
3685,0517703963
3686,0517707918
3687,0525244581
3688,0525934251
3689,0525934960
3690,0525940413
3691,0525941673
3692,0525941908
3693,0525942688
3694,0525945121
3695,0525945210
3696,052594527X
3697,0525945636
3698,0525945725
3699,0525945814
3700,0525945938
3701,0525946233
3702,0525946284
3703,0525946446
3704,0525946500
3705,0525946535
3706,0525946756
3707,0525946829
3708,0525946896
3709,0525946969
3710,0525947299
3711,0525947647
3712,0525947671
3713,0525947752
3714,0525947914
3715,0552124753
3716,0552128481
3717,0552131059
3718,0552131067
3719,0552131075
3720,0552133256
3721,0552133264
3722,0552134600
3723,0552134619
3724,0552134627
3725,0552134635
3726,0552134643
3727,0552134651
3728,0552137030
3729,0552138916
3730,0552139246
3731,0552139262
3732,0552140287
3733,0552140295
3734,0552142352
3735,0552142379
3736,0552143243
3737,0552143774
3738,0552145424
3739,0552145971
3740,055214598X
3741,0552146145
3742,0552146153
3743,0552146161
3744,0552146730
3745,0552146986
3746,0552147680
3747,0552148407
3748,0552148997
3749,0552149020
3750,0552149519
3751,0552525952
3752,0552526495
3753,0552546933
3754,0552991260
3755,0552994928
3756,0552996009
3757,0552996181
3758,0552996459
3759,055299703X
3760,0552998001
3761,0552998192
3762,0552998486
3763,0552998834
3764,0552998877
3765,0552999458
3766,0552999954
3767,0553076256
3768,0553096060
3769,0553096834
3770,0553099558
3771,055309999X
3772,0553100017
3773,0553106333
3774,0553106341
3775,0553106643
3776,0553106651
3777,055310666X
3778,0553107240
3779,0553107305
3780,0553107755
3781,0553109200
3782,0553109588
3783,0553110845
3784,0553117467
3785,0553131893
3786,055314300X
3787,0553148001
3788,0553148923
3789,0553153277
3790,0553205587
3791,0553208845
3792,0553209671
3793,0553210092
3794,0553210351
3795,0553210793
3796,0553211404
3797,0553211587
3798,0553211668
3799,0553211757
3800,0553211765
3801,0553212281
3802,0553212338
3803,0553212419
3804,0553212451
3805,0553212478
3806,0553212540
3807,0553212583
3808,0553212621
3809,0553212710
3810,0553212737
3811,0553212788
3812,0553212923
3813,0553213059
3814,0553213105
3815,0553213113
3816,055321313X
3817,0553213148
3818,0553213156
3819,0553213164
3820,0553213172
3821,0553213180
3822,0553213237
3823,055321330X
3824,0553213377
3825,0553213423
3826,0553213458
3827,0553213695
3828,0553227750
3829,0553230212
3830,055323370X
3831,0553234811
3832,0553240749
3833,0553240951
3834,0553241729
3835,0553246895
3836,0553249754
3837,0553250256
3838,0553250426
3839,0553250531
3840,0553251473
3841,0553251481
3842,0553254510
3843,0553255762
3844,0553256696
3845,0553256971
3846,0553257382
3847,0553258001
3848,0553258478
3849,0553258524
3850,0553258540
3851,0553260111
3852,0553260960
3853,0553262505
3854,0553263218
3855,0553263226
3856,055326351X
3857,0553263978
3858,0553264079
3859,0553264613
3860,0553265741
3861,055326611X
3862,0553268449
3863,0553268880
3864,0553268929
3865,0553268937
3866,0553268945
3867,0553269216
3868,0553269224
3869,0553269631
3870,0553270931
3871,0553271636
3872,0553271644
3873,0553272500
3874,0553272535
3875,0553272586
3876,0553272616
3877,0553272837
3878,0553273299
3879,0553273817
3880,0553273914
3881,0553274295
3882,0553274325
3883,055327449X
3884,0553274503
3885,0553275100
3886,0553275704
3887,0553275976
3888,0553276328
3889,0553277243
3890,0553277472
3891,0553277537
3892,055327757X
3893,0553277839
3894,0553278002
3895,0553278029
3896,0553278118
3897,0553278215
3898,0553278223
3899,055327824X
3900,0553278274
3901,0553278355
3902,0553278398
3903,0553278592
3904,0553278746
3905,055327886X
3906,0553279378
3907,0553279556
3908,0553279912
3909,0553280147
3910,0553280341
3911,0553280368
3912,0553280414
3913,0553280511
3914,0553280589
3915,0553280643
3916,0553280945
3917,0553281747
3918,0553281798
3919,0553282182
3920,0553282476
3921,0553282816
3922,0553282980
3923,0553283545
3924,0553283685
3925,0553284118
3926,0553284363
3927,0553284789
3928,0553285343
3929,0553285785
3930,0553285920
3931,0553285947
3932,0553286390
3933,0553286587
3934,0553287346
3935,0553287532
3936,0553287737
3937,0553287893
3938,0553288202
3939,0553288342
3940,0553289322
3941,0553289411
3942,055328942X
3943,0553289519
3944,0553289691
3945,055328990X
3946,055329024X
3947,0553290789
3948,055329170X
3949,0553291955
3950,0553292722
3951,055329315X
3952,0553293168
3953,0553293257
3954,0553293354
3955,0553293362
3956,0553293761
3957,0553294385
3958,055329461X
3959,0553294903
3960,0553295004
3961,0553295276
3962,0553295608
3963,0553295772
3964,0553295977
3965,0553296124
3966,0553296981
3967,0553297090
3968,0553297260
3969,0553297988
3970,0553298178
3971,0553299506
3972,0553344862
3973,0553347756
3974,0553348973
3975,0553348981
3976,0553349481
3977,055334949X
3978,0553351397
3979,0553373803
3980,0553375407
3981,0553377868
3982,0553377876
3983,0553377884
3984,0553379011
3985,0553379267
3986,055337933X
3987,0553379615
3988,0553379658
3989,0553380095
3990,055338015X
3991,0553380168
3992,0553380958
3993,0553382179
3994,0553382411
3995,0553560204
3996,0553560247
3997,0553560271
3998,0553560441
3999,0553560735
4000,0553561278
4001,0553561537
4002,055356160X
4003,0553561618
4004,0553561669
4005,0553562398
4006,0553562614
4007,0553562738
4008,0553562746
4009,0553562967
4010,0553563521
4011,0553564404
4012,055356451X
4013,0553564528
4014,0553565060
4015,0553565915
4016,0553566032
4017,0553566040
4018,0553566067
4019,055356773X
4020,0553568701
4021,0553568736
4022,0553568760
4023,0553569031
4024,0553569058
4025,0553569074
4026,0553569155
4027,0553569406
4028,0553569473
4029,0553569619
4030,0553569635
4031,0553569783
4032,0553569791
4033,055356983X
4034,0553569910
4035,0553571338
4036,0553571583
4037,0553571656
4038,0553571818
4039,0553571834
4040,0553571885
4041,0553571907
4042,0553572040
4043,0553572202
4044,0553572210
4045,055357227X
4046,055357230X
4047,0553572326
4048,0553572377
4049,0553572423
4050,0553572512
4051,055357258X
4052,0553572946
4053,0553572989
4054,0553572997
4055,0553573136
4056,0553573209
4057,0553573225
4058,0553573314
4059,0553573403
4060,0553573616
4061,0553573861
4062,0553573926
4063,0553573985
4064,0553574078
4065,0553574086
4066,0553574108
4067,0553574566
4068,0553574574
4069,0553574639
4070,0553574663
4071,0553574671
4072,0553574752
4073,0553575090
4074,0553575104
4075,0553575384
4076,0553575406
4077,0553575414
4078,0553575422
4079,055357549X
4080,0553575538
4081,0553575619
4082,0553575635
4083,0553576003
4084,0553576038
4085,0553576089
4086,0553576143
4087,0553576623
4088,0553576798
4089,0553576801
4090,0553576925
4091,055357695X
4092,0553577123
4093,0553577808
4094,0553578022
4095,0553578243
4096,0553578308
4097,0553578316
4098,0553578359
4099,0553578529
4100,0553578685
4101,0553578693
4102,0553578960
4103,055357910X
4104,0553579312
4105,0553579525
4106,0553579606
4107,0553579754
4108,0553579908
4109,0553579983
4110,0553580035
4111,0553580078
4112,0553580191
4113,0553580221
4114,0553580256
4115,0553580272
4116,0553580302
4117,0553580337
4118,0553580388
4119,0553580515
4120,0553580884
4121,0553580906
4122,0553580930
4123,055358099X
4124,0553581023
4125,0553581554
4126,055358183X
4127,0553581872
4128,0553581929
4129,0553582127
4130,0553582135
4131,0553582143
4132,0553582364
4133,0553582526
4134,055358264X
4135,0553582658
4136,0553582704
4137,0553582747
4138,0553582755
4139,0553582763
4140,0553582801
4141,0553582895
4142,0553582909
4143,0553582917
4144,0553582925
4145,0553583441
4146,0553583468
4147,0553583573
4148,0553583867
4149,0553583891
4150,0553583913
4151,0553583956
4152,0553583980
4153,0553584049
4154,0553584375
4155,0553584383
4156,0553584480
4157,0553584510
4158,0553584707
4159,0553585118
4160,0553585681
4161,0553586122
4162,0553586181
4163,055358619X
4164,0553587188
4165,0553800949
4166,0553800973
4167,0553801279
4168,0553801341
4169,0553801376
4170,0553801430
4171,0553801821
4172,0553801929
4173,0553802038
4174,0553802453
4175,0553802461
4176,055380247X
4177,0553802488
4178,0553802496
4179,055380250X
4180,0553802526
4181,0553802542
4182,0553802747
4183,0553802976
4184,0553803077
4185,0553803328
4186,0553803409
4187,0553813021
4188,0571081789
4189,0571135390
4190,0571142745
4191,0571154913
4192,0571169341
4193,0571197639
4194,0571200435
4195,057120175X
4196,0571206484
4197,0571216420
4198,0575063483
4199,0575400188
4200,0575400951
4201,0575600306
4202,0586044345
4203,0590023101
4204,0590060198
4205,0590112899
4206,0590224735
4207,059030271X
4208,0590353403
4209,059035342X
4210,0590371258
4211,0590383892
4212,0590386336
4213,0590406191
4214,0590414291
4215,0590425919
4216,0590453653
4217,059045367X
4218,0590457217
4219,0590457225
4220,0590466186
4221,0590466194
4222,0590477331
4223,0590477404
4224,0590483498
4225,0590483501
4226,0590483552
4227,0590484125
4228,0590484753
4229,0590494457
4230,0590494503
4231,059050214X
4232,0590553232
4233,0590568744
4234,0590568752
4235,0590568795
4236,0590568809
4237,0590629794
4238,0590634275
4239,0590660543
4240,0590846280
4241,0590877437
4242,0590897985
4243,0590962736
4244,0609601032
4245,060960225X
4246,0609603086
4247,0609605925
4248,0609606727
4249,0609607383
4250,0609608339
4251,0609608444
4252,0609608738
4253,0609610597
4254,060961097X
4255,0609800140
4256,0609803875
4257,0609804138
4258,0609804618
4259,060980619X
4260,0609806505
4261,0609807900
4262,060980877X
4263,0609809431
4264,0609809547
4265,0609810103
4266,0613325419
4267,0613329740
4268,0618002219
4269,0618002227
4270,0618002235
4271,0618002243
4272,061810450X
4273,0618129022
4274,0618129030
4275,0618129081
4276,0618131736
4277,061815082X
4278,0618164723
4279,0618173870
4280,0618246940
4281,0618260250
4282,0618260307
4283,0618334661
4284,0670030643
4285,0670031046
4286,0670031062
4287,0670031208
4288,0670031909
4289,0670032379
4290,0670032549
4291,0670032891
4292,0670241334
4293,0670691992
4294,0670805149
4295,0670813028
4296,0670813648
4297,067081458X
4298,067081976X
4299,0670820555
4300,067082982X
4301,0670835382
4302,0670839531
4303,0670839809
4304,0670844527
4305,0670851086
4306,0670853097
4307,0670855030
4308,0670858692
4309,067086014X
4310,0670865796
4311,0670868361
4312,0670869902
4313,067087311X
4314,0670873926
4315,0670878073
4316,0670878847
4317,0670880728
4318,067088300X
4319,0670887315
4320,0670891576
4321,0670892742
4322,0670892963
4323,0670894184
4324,0670894370
4325,0670894494
4326,0670894508
4327,0670894605
4328,0670894699
4329,0670896764
4330,067091021X
4331,0670910236
4332,0671000306
4333,0671000314
4334,067100042X
4335,0671001132
4336,0671001701
4337,0671001795
4338,0671001809
4339,0671002031
4340,0671002481
4341,0671003348
4342,0671003356
4343,0671003364
4344,0671003593
4345,0671003682
4346,0671003755
4347,0671004107
4348,0671004239
4349,0671004530
4350,0671004549
4351,0671004565
4352,0671004573
4353,0671007610
4354,0671007637
4355,067100767X
4356,0671007696
4357,0671008978
4358,0671010085
4359,0671010093
4360,0671010123
4361,0671011367
4362,0671011375
4363,0671014161
4364,067101417X
4365,0671014188
4366,0671014196
4367,067101420X
4368,0671014218
4369,0671014919
4370,0671015648
4371,0671016652
4372,067101675X
4373,0671016768
4374,0671016776
4375,0671016784
4376,0671017063
4377,0671017128
4378,0671019074
4379,0671019546
4380,0671020293
4381,0671021001
4382,0671023187
4383,0671023209
4384,0671023373
4385,0671023616
4386,0671024094
4387,0671024108
4388,0671024183
4389,067102423X
4390,0671024248
4391,0671024256
4392,0671024809
4393,0671025333
4394,0671025341
4395,067102535X
4396,0671025368
4397,0671026011
4398,0671026070
4399,0671026682
4400,0671027123
4401,0671027344
4402,0671027360
4403,0671027387
4404,0671027573
4405,0671027581
4406,0671027638
4407,0671027646
4408,0671027662
4409,0671028006
4410,0671028014
4411,0671028022
4412,0671028367
4413,0671028375
4414,0671028383
4415,067103264X
4416,0671032658
4417,0671032992
4418,0671034006
4419,0671034022
4420,0671034057
4421,0671035452
4422,067103619X
4423,0671036505
4424,0671036645
4425,0671038184
4426,0671038443
4427,0671038567
4428,0671039415
4429,0671039725
4430,0671039741
4431,0671039903
4432,067103992X
4433,0671039970
4434,0671040588
4435,0671041789
4436,0671042262
4437,0671042505
4438,0671042513
4439,0671042556
4440,0671042564
4441,0671042572
4442,0671042858
4443,0671047329
4444,0671047345
4445,0671047507
4446,0671047515
4447,0671250671
4448,0671415085
4449,0671440276
4450,0671442686
4451,0671443283
4452,0671452177
4453,0671458531
4454,0671461494
4455,0671467263
4456,0671468200
4457,0671472569
4458,0671477099
4459,0671496107
4460,0671496174
4461,0671501283
4462,0671502689
4463,0671507036
4464,067150987X
4465,0671510053
4466,0671510126
4467,0671516922
4468,067151699X
4469,0671517643
4470,0671519816
4471,0671521705
4472,0671523074
4473,0671524313
4474,0671525433
4475,0671525743
4476,0671525751
4477,0671525808
4478,0671525832
4479,0671527215
4480,0671528165
4481,0671528203
4482,0671528904
4483,0671532642
4484,0671532766
4485,067153288X
4486,0671534645
4487,0671534718
4488,0671534726
4489,0671534734
4490,0671534742
4491,0671537458
4492,067155302X
4493,0671553046
4494,0671554506
4495,0671567829
4496,0671568175
4497,0671568833
4498,0671568841
4499,0671617028
4500,0671623249
4501,067162461X
4502,0671642561
4503,067164257X
4504,0671644475
4505,0671646575
4506,0671649728
4507,0671656155
4508,0671657860
4509,0671660632
4510,0671663984
4511,0671670069
4512,0671670646
4513,0671670689
4514,0671673645
4515,0671673653
4516,0671673661
4517,0671673688
4518,0671682873
4519,067168390X
4520,0671683993
4521,0671684027
4522,0671685635
4523,0671689231
4524,067168972X
4525,0671689746
4526,0671690094
4527,067169071X
4528,0671693816
4529,0671694049
4530,067169507X
4531,0671695126
4532,0671695142
4533,0671695169
4534,0671695304
4535,0671695886
4536,0671701231
4537,0671702505
4538,0671702513
4539,0671704184
4540,0671705091
4541,0671708635
4542,0671721291
4543,0671721380
4544,0671722131
4545,067172262X
4546,0671722751
4547,0671722859
4548,0671723650
4549,0671724738
4550,067172519X
4551,0671726889
4552,0671727583
4553,0671727796
4554,0671728571
4555,067172939X
4556,0671729411
4557,0671729446
4558,0671729454
4559,0671729462
4560,0671729470
4561,0671729497
4562,0671732277
4563,0671733354
4564,0671733893
4565,067173590X
4566,067173685X
4567,0671737600
4568,0671737619
4569,0671737635
4570,0671737791
4571,0671737805
4572,0671737821
4573,067173783X
4574,0671737848
4575,0671739441
4576,0671739735
4577,0671739743
4578,067173976X
4579,0671740679
4580,0671741039
4581,0671741187
4582,0671741195
4583,0671741209
4584,0671741926
4585,0671742493
4586,0671742515
4587,0671742558
4588,0671742647
4589,0671742760
4590,0671743058
4591,0671744208
4592,0671744216
4593,0671744607
4594,0671746065
4595,0671746723
4596,0671749412
4597,0671749609
4598,0671755064
4599,0671756443
4600,0671758896
4601,0671759329
4602,0671759345
4603,0671759361
4604,0671769200
4605,0671774670
4606,0671776096
4607,0671776134
4608,0671776800
4609,0671776975
4610,0671780751
4611,0671782525
4612,0671786601
4613,0671787454
4614,0671789422
4615,0671791974
4616,0671793489
4617,0671793535
4618,0671793551
4619,067179356X
4620,0671793888
4621,0671795538
4622,0671795554
4623,0671795740
4624,0671795988
4625,0671797050
4626,0671798782
4627,0671822209
4628,0671851802
4629,0671864173
4630,0671867083
4631,0671867091
4632,0671867113
4633,0671867156
4634,0671867164
4635,0671867172
4636,0671867318
4637,0671868640
4638,0671868691
4639,0671868713
4640,0671870114
4641,0671870807
4642,0671870963
4643,067187098X
4644,0671870998
4645,0671871005
4646,0671872001
4647,0671873199
4648,0671873202
4649,0671873210
4650,0671874330
4651,0671874349
4652,0671876015
4653,0671877135
4654,0671880160
4655,0671880187
4656,0671880314
4657,0671880608
4658,0671886665
4659,0671887173
4660,0671888587
4661,067189109X
4662,0671891510
4663,0671894455
4664,0676970087
4665,0676971008
4666,067697175X
4667,0676971946
4668,0676972179
4669,0676972578
4670,0676972829
4671,0676973094
4672,0676973612
4673,0676973655
4674,0676973779
4675,0676974791
4676,0676974805
4677,0679309411
4678,0679310711
4679,0679400516
4680,0679401032
4681,0679401385
4682,0679405283
4683,067940676X
4684,0679410325
4685,0679412956
4686,067941388X
4687,0679417796
4688,0679419454
4689,0679419462
4690,0679419608
4691,0679425241
4692,067942525X
4693,0679425268
4694,067942573X
4695,0679426140
4696,0679426159
4697,0679426620
4698,0679428895
4699,0679429220
4700,0679430946
4701,0679432477
4702,0679433015
4703,0679433023
4704,0679433740
4705,0679434046
4706,0679435212
4707,0679435328
4708,0679435824
4709,0679436448
4710,0679437851
4711,0679439382
4712,0679441018
4713,0679441557
4714,0679442405
4715,0679442588
4716,0679442790
4717,0679444815
4718,0679445315
4719,0679446486
4720,0679447156
4721,0679448594
4722,067944999X
4723,0679450041
4724,0679450408
4725,0679450432
4726,0679450548
4727,0679451463
4728,0679454446
4729,0679454454
4730,0679454470
4731,0679454489
4732,0679454497
4733,0679455116
4734,0679456589
4735,0679457143
4736,0679457313
4737,0679457526
4738,067945960X
4739,0679459618
4740,0679459626
4741,0679462988
4742,0679463070
4743,0679463321
4744,0679720200
4745,0679720219
4746,0679721037
4747,0679721819
4748,0679721886
4749,0679722025
4750,0679722645
4751,0679722769
4752,0679723110
4753,0679723161
4754,0679724222
4755,0679724362
4756,0679728759
4757,0679728872
4758,0679728899
4759,0679729771
4760,0679729798
4761,0679731148
4762,0679731377
4763,0679731725
4764,0679732241
4765,067973225X
4766,0679732268
4767,0679732411
4768,0679732764
4769,0679734058
4770,0679734775
4771,0679735186
4772,0679735666
4773,0679735771
4774,0679735879
4775,0679735909
4776,0679736042
4777,0679736379
4778,0679736395
4779,0679737383
4780,067973743X
4781,0679738568
4782,0679740104
4783,0679740678
4784,0679741666
4785,0679742115
4786,0679742298
4787,0679743464
4788,067974388X
4789,0679744398
4790,0679744479
4791,0679745203
4792,0679745580
4793,0679745653
4794,0679746048
4795,0679748083
4796,0679750533
4797,0679751114
4798,0679751319
4799,0679751521
4800,0679751602
4801,0679753338
4802,0679755330
4803,0679759336
4804,0679760806
4805,0679762108
4806,0679762698
4807,0679763309
4808,067976397X
4809,067976402X
4810,0679764925
4811,067976657X
4812,0679766626
4813,0679767398
4814,0679767800
4815,0679769781
4816,0679771476
4817,0679772669
4818,0679772677
4819,0679774025
4820,0679775439
4821,0679776362
4822,0679776591
4823,0679776818
4824,0679777547
4825,0679781277
4826,067978148X
4827,0679781498
4828,0679781587
4829,0679783571
4830,0679785892
4831,0679801146
4832,0679805273
4833,0679853065
4834,0679879242
4835,0679879250
4836,0679879269
4837,067988288X
4838,0679886370
4839,0679893105
4840,068416325X
4841,068419337X
4842,0684193957
4843,0684195305
4844,0684195488
4845,0684195976
4846,0684195984
4847,0684196387
4848,0684717255
4849,0684717972
4850,0684800713
4851,068480087X
4852,0684801051
4853,0684801221
4854,0684801469
4855,0684801523
4856,068480297X
4857,0684802988
4858,0684803356
4859,0684803860
4860,0684803968
4861,0684804522
4862,0684810387
4863,0684810395
4864,0684814994
4865,0684815451
4866,0684818868
4867,0684819066
4868,0684822652
4869,0684822768
4870,0684823780
4871,0684824892
4872,068482499X
4873,0684826127
4874,0684826976
4875,0684827107
4876,0684831546
4877,0684832178
4878,0684832291
4879,0684833395
4880,068483376X
4881,0684834723
4882,0684834731
4883,0684835819
4884,0684835959
4885,0684835975
4886,0684835983
4887,0684841177
4888,0684841185
4889,0684841347
4890,068484267X
4891,0684842696
4892,0684843102
4893,068484477X
4894,0684844818
4895,0684844826
4896,0684846004
4897,068484611X
4898,0684847957
4899,0684848066
4900,0684848406
4901,0684848783
4902,0684848961
4903,0684849690
4904,0684849739
4905,0684850273
4906,0684852047
4907,0684852217
4908,0684852225
4909,0684852624
4910,0684853159
4911,0684853299
4912,0684853507
4913,0684853515
4914,0684853523
4915,0684853701
4916,0684853949
4917,0684855127
4918,0684855631
4919,0684856069
4920,0684856093
4921,0684856603
4922,0684857820
4923,0684859300
4924,0684859718
4925,0684859734
4926,0684859769
4927,0684859777
4928,0684862719
4929,0684863472
4930,068486424X
4931,0684864843
4932,0684865459
4933,0684865742
4934,0684867621
4935,0684867974
4936,0684869403
4937,0684871262
4938,0684871270
4939,0684871483
4940,0684872153
4941,068487217X
4942,0684874350
4943,0688046606
4944,0688058914
4945,0688084885
4946,0688084893
4947,0688084907
4948,0688084923
4949,0688088686
4950,068810312X
4951,0688143687
4952,0688149790
4953,0688151981
4954,0688152449
4955,068815252X
4956,0688156134
4957,0688156142
4958,0688156568
4959,0688156819
4960,0688162827
4961,0688163165
4962,0688163173
4963,0688167888
4964,0688170528
4965,0688171478
4966,0688171621
4967,0688171877
4968,0688174035
4969,0688177743
4970,0688177751
4971,0688177859
4972,0688177867
4973,0688178057
4974,0688180639
4975,0689710682
4976,0689710879
4977,0689710887
4978,0689710895
4979,0689711522
4980,0689711816
4981,068971310X
4982,0689714335
4983,0689808828
4984,0689817215
4985,0689817851
4986,0689818769
4987,0689824750
4988,0689829833
4989,068983571X
4990,0689843372
4991,0689848684
4992,0696217120
4993,0702222550
4994,0717283208
4995,0722532938
4996,0740704818
4997,0740713922
4998,0740721909
4999,0740723367
5000,0740728946
5001,0743202562
5002,0743202988
5003,0743203178
5004,0743203631
5005,074320395X
5006,0743204077
5007,0743204697
5008,0743204700
5009,0743204735
5010,0743204832
5011,0743205812
5012,0743206029
5013,0743206045
5014,0743206053
5015,0743206061
5016,074320607X
5017,0743211227
5018,0743211235
5019,0743211375
5020,0743211383
5021,0743212002
5022,0743213831
5023,0743216458
5024,074321689X
5025,0743217713
5026,0743221990
5027,0743222008
5028,0743222229
5029,0743223543
5030,074322423X
5031,0743224574
5032,0743225082
5033,0743225120
5034,0743225325
5035,074322535X
5036,0743225406
5037,0743225422
5038,0743225708
5039,0743225805
5040,0743227441
5041,0743229878
5042,0743230051
5043,0743230213
5044,0743233468
5045,0743235150
5046,0743236742
5047,0743237188
5048,0743237196
5049,0743243307
5050,0743243412
5051,0743245520
5052,0743246071
5053,074324642X
5054,0743247612
5055,0743255453
5056,074325547X
5057,0743260244
5058,0743262174
5059,0743406125
5060,0743406176
5061,0743406184
5062,0743407067
5063,0743407075
5064,0743407083
5065,0743410181
5066,0743410653
5067,0743411250
5068,0743411269
5069,0743411323
5070,0743411331
5071,0743411439
5072,0743412028
5073,0743412273
5074,0743412311
5075,074341232X
5076,0743412621
5077,0743417682
5078,0743418131
5079,0743418166
5080,0743418174
5081,0743418190
5082,0743418204
5083,0743418220
5084,0743418719
5085,0743420373
5086,0743422910
5087,0743423682
5088,0743424425
5089,0743427084
5090,0743428595
5091,0743428617
5092,0743428625
5093,0743431014
5094,0743431030
5095,0743436210
5096,074343627X
5097,0743436679
5098,0743436822
5099,0743437128
5100,0743437640
5101,0743437802
5102,0743437810
5103,0743439651
5104,0743439740
5105,0743444051
5106,0743444264
5107,0743444329
5108,0743446259
5109,0743446291
5110,0743448642
5111,0743448677
5112,0743451414
5113,0743454146
5114,0743454529
5115,0743455967
5116,0743456173
5117,0743456335
5118,0743456378
5119,0743456866
5120,0743457269
5121,0743457358
5122,0743457536
5123,0743457544
5124,0743457781
5125,0743457943
5126,0743457951
5127,0743460529
5128,0743464451
5129,0743464672
5130,0743466527
5131,0743467523
5132,0743469801
5133,0743469844
5134,074347628X
5135,0743477081
5136,0743477154
5137,0743483014
5138,0743486226
5139,0747266832
5140,0747522669
5141,0747525722
5142,0747532745
5143,0747538484
5144,074754624X
5145,0747546290
5146,0747550999
5147,0747551006
5148,0749301384
5149,0749305401
5150,0749309423
5151,0749311207
5152,0749313528
5153,0749313978
5154,0749319305
5155,0749323388
5156,0749324740
5157,0749324791
5158,0749336501
5159,0749391251
5160,0749391308
5161,0749394064
5162,0749395699
5163,0749395990
5164,0749396067
5165,0749397357
5166,0749397365
5167,0749397543
5168,0749399627
5169,0749399902
5170,0749918241
5171,0751501999
5172,0751503894
5173,0751510114
5174,0752837508
5175,0752837613
5176,0752844059
5177,0752848224
5178,0752853694
5179,0753804700
5180,0756400627
5181,0758200862
5182,075820230X
5183,0758203330
5184,0758203888
5185,0761109196
5186,0762403004
5187,0762406984
5188,0763616052
5189,0763618292
5190,0764223305
5191,0765300133
5192,0765300346
5193,0765303817
5194,0765340747
5195,0765341174
5196,0765341972
5197,0765342294
5198,0765342308
5199,0765342987
5200,0765343436
5201,0765345048
5202,0765349671
5203,0767900383
5204,0767902513
5205,0767902521
5206,0767902890
5207,0767903196
5208,0767903382
5209,0767903579
5210,0767903595
5211,0767903625
5212,076790382X
5213,0767903854
5214,0767903862
5215,0767904141
5216,0767905172
5217,0767905180
5218,0767905199
5219,0767905202
5220,0767905318
5221,0767905385
5222,076790592X
5223,0767905938
5224,0767906632
5225,0767907809
5226,0767907817
5227,0767908171
5228,0767908198
5229,0767908260
5230,0767908473
5231,0767908481
5232,0767912233
5233,0767913000
5234,0767913795
5235,076791404X
5236,0767914767
5237,0767915054
5238,0767915062
5239,0767915593
5240,0767916069
5241,0770422632
5242,0770423345
5243,0770426182
5244,0770428207
5245,0770428797
5246,0770428827
5247,0770428940
5248,0770429033
5249,0771055706
5250,0771058837
5251,0771060548
5252,0771086504
5253,0771086547
5254,0771086857
5255,077109986X
5256,0771099894
5257,0785264280
5258,0786012633
5259,0786014245
5260,078670621X
5261,0786808012
5262,0786808551
5263,0786817070
5264,0786817879
5265,0786819146
5266,0786861347
5267,0786861363
5268,0786861541
5269,0786862564
5270,0786862572
5271,078686351X
5272,0786863986
5273,0786864133
5274,0786865504
5275,0786866020
5276,0786866039
5277,0786866195
5278,0786866276
5279,0786866462
5280,0786866586
5281,0786866772
5282,0786866845
5283,0786867175
5284,0786867248
5285,0786867329
5286,0786867345
5287,0786867647
5288,0786867906
5289,0786868015
5290,0786868619
5291,0786868716
5292,0786869216
5293,0786880007
5294,0786880708
5295,0786881852
5296,0786881887
5297,0786883219
5298,0786883367
5299,0786883375
5300,0786884142
5301,0786884592
5302,0786885416
5303,0786885688
5304,0786885912
5305,0786886021
5306,0786886307
5307,0786886323
5308,0786886463
5309,0786886994
5310,0786889004
5311,0786889020
5312,078688908X
5313,0786889187
5314,078688939X
5315,0786889551
5316,0786889608
5317,0786889616
5318,0786889667
5319,0786889691
5320,0786890002
5321,0786890037
5322,0786890169
5323,0786890371
5324,0786890436
5325,0786890444
5326,0786915749
5327,0786916095
5328,0786918047
5329,0786918071
5330,0800718372
5331,0802116698
5332,0802130208
5333,0802130348
5334,0802130720
5335,0802131301
5336,0802131786
5337,0802132758
5338,0802132952
5339,0802135161
5340,0802135196
5341,0802135226
5342,0802137008
5343,080213825X
5344,0802139256
5345,0802139868
5346,0802139892
5347,0802140122
5348,0802713432
5349,0804102988
5350,080410526X
5351,0804105820
5352,0804106304
5353,0804106436
5354,0804107491
5355,080410753X
5356,0804108293
5357,0804108447
5358,0804108587
5359,0804108749
5360,080410882X
5361,0804108897
5362,080410946X
5363,0804109729
5364,080411109X
5365,0804111359
5366,0804111898
5367,0804113475
5368,0804114609
5369,0804114986
5370,0804115486
5371,0804115613
5372,0804115761
5373,0804117683
5374,080411868X
5375,0804119120
5376,080411918X
5377,080411935X
5378,0804119538
5379,0804119708
5380,0804119716
5381,0804119724
5382,0804119910
5383,0804119996
5384,0804120013
5385,0805010858
5386,0805012478
5387,0805019359
5388,0805019367
5389,0805019375
5390,0805029648
5391,0805036377
5392,0805036504
5393,080504695X
5394,0805054073
5395,0805055908
5396,080505622X
5397,0805056491
5398,0805056645
5399,0805059555
5400,0805062971
5401,0805063889
5402,0805063897
5403,0805065415
5404,0805068015
5405,0805073205
5406,0807083054
5407,0807083178
5408,0807508527
5409,081120068X
5410,0811202208
5411,0811214982
5412,0811801802
5413,0811802981
5414,0811807282
5415,0811807843
5416,0811808173
5417,0811811409
5418,0811818276
5419,0811821706
5420,0811824829
5421,0811825558
5422,0811828964
5423,0811831310
5424,0812500865
5425,0812502124
5426,0812504690
5427,0812505166
5428,0812505182
5429,0812508645
5430,0812509250
5431,0812510488
5432,0812510992
5433,0812511751
5434,0812511816
5435,0812512456
5436,0812513711
5437,0812513738
5438,0812513754
5439,0812515285
5440,0812516214
5441,0812517725
5442,0812520475
5443,0812521374
5444,0812521463
5445,0812522397
5446,0812522400
5447,0812522729
5448,0812524268
5449,0812532570
5450,0812532597
5451,0812533054
5452,0812533534
5453,0812533550
5454,0812533666
5455,0812534832
5456,0812534867
5457,0812540336
5458,0812541642
5459,0812542835
5460,0812543262
5461,0812548051
5462,0812548094
5463,0812550285
5464,0812550293
5465,0812550307
5466,0812550390
5467,0812550706
5468,0812550757
5469,0812551478
5470,0812551486
5471,0812551494
5472,0812551583
5473,0812558626
5474,0812563190
5475,0812564375
5476,0812565959
5477,0812566629
5478,0812568710
5479,0812570944
5480,0812575237
5481,081257558X
5482,0812575717
5483,0812575962
5484,0812575970
5485,081257639X
5486,0812580346
5487,0812580354
5488,0812589041
5489,0812589505
5490,081296666X
5491,081296683X
5492,0812967224
5493,0812967240
5494,0812968379
5495,0812969812
5496,0812971043
5497,081297106X
5498,0816710384
5499,0821766570
5500,0821769278
5501,0821769340
5502,0821769367
5503,0821770195
5504,0821772252
5505,0821772279
5506,0821772953
5507,0821773682
5508,082177462X
5509,082177512X
5510,0821775863
5511,0821776037
5512,0826308791
5513,0836204158
5514,0836204387
5515,0836210263
5516,0836211499
5517,0836213122
5518,0836214439
5519,0836217012
5520,0836217241
5521,0836217357
5522,0836217691
5523,0836218051
5524,0836218221
5525,0836218256
5526,0836218310
5527,0836218353
5528,0836218515
5529,0836218523
5530,0836218620
5531,0836218655
5532,0836218787
5533,0836218817
5534,0836218833
5535,0836218981
5536,0836220498
5537,0836220609
5538,0836220625
5539,0836220730
5540,0836220854
5541,0836220870
5542,0836220889
5543,0836220986
5544,0836221192
5545,0836221311
5546,0836221362
5547,0836236688
5548,0836270061
5549,0837850681
5550,0840776381
5551,0842314296
5552,0842321934
5553,0842329110
5554,0842329129
5555,0842329161
5556,084232920X
5557,0842329218
5558,0842329242
5559,0842329250
5560,0842329269
5561,0842329277
5562,0842329285
5563,0842329293
5564,0842332251
5565,084233226X
5566,0842332278
5567,0842332286
5568,0842332294
5569,0842332340
5570,0842332359
5571,0842342702
5572,0842373195
5573,0842384065
5574,0843948302
5575,084394952X
5576,0843949945
5577,084395048X
5578,0849911796
5579,0849932017
5580,0849942845
5581,0860074382
5582,0860680649
5583,0865471185
5584,0865714088
5585,0871134799
5586,0871136791
5587,0871137534
5588,087113795X
5589,0871138018
5590,0871138190
5591,0872860175
5592,0872861562
5593,0874776945
5594,0874778883
5595,0874869870
5596,0875420281
5597,0875421180
5598,087542127X
5599,0875421849
5600,087542791X
5601,0876850867
5602,0876855575
5603,0877017883
5604,0877733759
5605,0878578730
5606,0880381736
5607,0880381744
5608,0880381752
5609,0880385359
5610,0880389052
5611,088365721X
5612,0883657635
5613,0883659654
5614,0884046818
5615,0884270610
5616,0886773520
5617,0886773555
5618,0886773741
5619,0886773776
5620,0886773784
5621,0886773849
5622,0886774004
5623,0886774012
5624,0886774268
5625,0886774500
5626,0886774616
5627,0886774713
5628,0886775507
5629,0886775795
5630,0886775876
5631,0886777399
5632,0886777631
5633,0886777844
5634,0886779537
5635,0886779758
5636,0887307876
5637,0887307884
5638,0887308589
5639,088730866X
5640,0890090572
5641,0890438439
5642,0890876517
5643,0890876789
5644,0890877033
5645,0891073906
5646,0891075275
5647,0891076182
5648,0892131284
5649,0892967811
5650,0893753440
5651,0893753564
5652,0894800159
5653,0894803204
5654,0894803700
5655,0894805770
5656,0894808249
5657,089480829X
5658,0894809946
5659,0895261901
5660,0895297272
5661,0898156122
5662,0898157803
5663,0898159954
5664,0899193625
5665,0913299545
5666,0915811006
5667,0916441822
5668,0918949165
5669,0920668372
5670,0922066728
5671,0929634063
5672,0930289234
5673,0930289595
5674,0933944047
5675,0934211477
5676,0937611018
5677,0938077007
5678,0940322153
5679,0943233437
5680,0949206318
5681,0962959170
5682,0967231434
5683,0967370167
5684,0967673747
5685,0971181802
5686,0971263906
5687,0971766711
5688,0971880107
5689,11238356
5690,11254041
5691,1400030382
5692,140003065X
5693,1400030927
5694,1400031346
5695,1400031354
5696,1400031362
5697,1400031699
5698,140003180X
5699,1400032016
5700,1400032717
5701,1400033543
5702,1400034639
5703,1400034779
5704,1400042070
5705,1400045088
5706,1400060117
5707,1400060265
5708,1400060737
5709,1400077826
5710,1401088945
5711,1401300014
5712,1401300057
5713,1401300901
5714,1401301061
5715,1401351964
5716,1550223968
5717,1550544683
5718,1550548913
5719,1551660504
5720,1551660598
5721,1551660717
5722,1551661586
5723,1551662604
5724,1551665301
5725,1551665344
5726,1551665794
5727,1551665824
5728,1551666022
5729,1551666189
5730,1551666510
5731,1551666537
5732,1551666650
5733,155166674X
5734,1551666804
5735,1551666839
5736,1551666901
5737,1551667002
5738,1551667010
5739,1551667150
5740,1551667193
5741,1551667215
5742,1551667401
5743,1551667436
5744,1551667509
5745,1551667517
5746,1551667894
5747,1551668017
5748,1551668084
5749,1551668122
5750,1551668157
5751,1551668246
5752,1551668270
5753,1551668300
5754,1551668378
5755,1551668459
5756,1551668513
5757,1551668653
5758,1551668696
5759,1551668726
5760,1551668769
5761,155166884X
5762,1551668866
5763,1551668912
5764,1551668947
5765,1551668998
5766,1551669021
5767,1551669153
5768,1551669293
5769,1551669307
5770,1551669374
5771,1551669390
5772,1551669404
5773,1551669412
5774,1551669455
5775,155166948X
5776,1551669498
5777,155166951X
5778,1551669587
5779,1551925702
5780,1552780805
5781,1555611435
5782,1555910807
5783,1556611536
5784,1558506462
5785,1558531025
5786,1558531564
5787,1558532161
5788,1558599177
5789,155874262X
5790,1558742913
5791,1558743316
5792,1558743324
5793,1558743669
5794,1558743790
5795,1558744150
5796,155874424X
5797,1558744290
5798,1558744592
5799,1558744606
5800,1558744630
5801,1558745017
5802,1558745157
5803,1558745432
5804,1558745718
5805,1558746099
5806,1558746161
5807,1558746226
5808,1558746463
5809,1558746986
5810,1558747028
5811,1558747060
5812,1558747109
5813,1558747346
5814,1558747435
5815,1558747613
5816,1558748865
5817,1559029838
5818,1559360615
5819,1560974273
5820,1561483176
5821,1561797111
5822,1563523302
5823,1563890119
5824,1563898586
5825,1565122968
5826,156584100X
5827,156619024X
5828,1566404398
5829,1566840287
5830,1567184855
5831,1570613818
5832,1570719586
5833,1571458735
5834,1571740562
5835,1573220221
5836,1573220485
5837,1573220876
5838,1573221112
5839,1573221465
5840,1573221775
5841,1573221856
5842,1573221937
5843,157322202X
5844,1573222038
5845,1573222259
5846,1573222267
5847,1573223328
5848,1573223425
5849,1573225126
5850,1573225312
5851,1573225487
5852,1573225517
5853,1573225541
5854,1573225681
5855,1573225789
5856,1573226106
5857,1573226122
5858,1573226521
5859,1573226882
5860,1573227331
5861,1573227889
5862,1573228214
5863,1573228583
5864,1573228737
5865,1573229083
5866,157322930X
5867,1573229326
5868,1573229334
5869,1573229350
5870,1573229385
5871,1573229571
5872,1573229628
5873,1573229725
5874,1576737330
5875,1576738167
5876,1576739759
5877,1577311523
5878,1577780728
5879,1578561256
5880,1578562325
5881,1579546463
5882,1580050751
5883,1580082319
5884,1580628362
5885,1582343047
5886,1583224890
5887,1585421065
5888,1588720020
5889,159184021X
5890,1592400876
5891,1841721522
5892,1841952753
5893,184195392X
5894,184195425X
5895,1844262553
5896,1853260002
5897,1853260010
5898,1853260029
5899,1853260134
5900,1853260150
5901,1853260169
5902,1853260207
5903,1853260231
5904,1853260258
5905,1853260282
5906,1853260363
5907,1853260401
5908,185326041X
5909,1853260622
5910,1853260789
5911,1853260800
5912,185326086X
5913,1853261580
5914,1853261912
5915,1853811262
5916,1853816000
5917,1857022424
5918,1857027051
5919,1857231384
5920,1857978013
5921,1857989546
5922,1860461670
5923,1860492592
5924,1861976127
5925,1875989218
5926,1878424114
5927,1878424319
5928,1878424424
5929,1878448900
5930,1880418568
5931,1881273156
5932,1882723007
5933,1885171080
5934,1885211279
5935,1888054557
5936,193156146X
5937,1931561648
5938,193212800X
5939,202025462X
5940,2020564777
5941,2070360024
5942,2070362388
5943,207036822X
5944,2070375161
5945,207038165X
5946,2070382753
5947,2070388905
5948,2070408507
5949,2070416801
5950,2226135022
5951,2234054036
5952,2253001457
5953,2253005274
5954,2253010219
5955,2253044903
5956,2253057843
5957,2253063339
5958,225313922X
5959,2253139467
5960,2253140872
5961,2253144452
5962,2253147923
5963,2253150185
5964,2253150711
5965,2253152846
5966,2253153265
5967,2266104535
5968,2277241202
5969,2277260029
5970,2290045764
5971,2290302155
5972,2290311782
5973,2841160297
5974,2877302202
5975,3150000017
5976,3250600555
5977,3257061269
5978,3257200552
5979,3257218370
5980,325721846X
5981,325722575X
5982,3257227264
5983,3257227809
5984,3257228007
5985,3257229364
5986,3257229534
5987,3257229909
5988,3257232608
5989,3257233051
5990,3257233116
5991,3379015180
5992,340411566X
5993,3404118960
5994,3404121686
5995,3404129423
5996,3404130014
5997,3404139178
5998,3404142942
5999,3404143744
6000,3404148665
6001,3404149114
6002,3423071516
6003,3423072571
6004,3423084049
6005,3423105410
6006,3423105518
6007,3423117370
6008,3423201509
6009,3423202327
6010,3423202947
6011,3423203668
6012,3423204206
6013,3423205903
6014,3423620196
6015,3426029553
6016,3426600218
6017,3426609061
6018,3426612704
6019,3426614960
6020,3442092981
6021,3442413338
6022,3442414199
6023,3442421357
6024,3442424623
6025,3442429439
6026,3442429552
6027,3442431875
6028,3442433495
6029,3442435951
6030,3442437407
6031,3442437687
6032,3442437717
6033,3442439736
6034,3442442354
6035,344244392X
6036,3442444365
6037,3442451426
6038,3442452031
6039,3442453305
6040,3442455707
6041,3442541751
6042,3442722497
6043,3442722802
6044,3442723809
6045,3442724686
6046,3442726247
6047,3442727952
6048,3446202692
6049,3453007867
6050,3453025237
6051,345305136X
6052,3453061187
6053,3453071174
6054,3453122348
6055,3453127013
6056,3453130510
6057,3453146972
6058,3453150538
6059,3453177746
6060,346202261X
6061,3462028189
6062,3462032283
6063,3492045170
6064,3492107001
6065,3492221521
6066,3492222463
6067,3492227694
6068,3492238696
6069,349913599X
6070,3499150425
6071,3499224615
6072,3499226375
6073,3499227304
6074,3499234246
6075,3518365525
6076,3518366823
6077,3518367749
6078,3518368001
6079,3518368540
6080,3518381768
6081,3518396315
6082,3522128001
6083,3548359698
6084,354860028X
6085,3548603203
6086,3551551677
6087,3551551936
6088,3596122279
6089,3596150655
6090,3596214629
6091,3596215226
6092,3596247500
6093,3596259924
6094,3596282225
6095,3746614007
6096,8401491029
6097,8408039369
6098,8408043641
6099,842042899X
6100,8420441708
6101,8420482013
6102,8420483532
6103,8420616893
6104,8420634093
6105,8420646032
6106,8423309142
6107,8423309223
6108,8423309835
6109,8423310353
6110,8432206407
6111,8433914545
6112,8433920421
6113,8433969978
6114,8437600685
6115,843760494X
6116,8440643586
6117,8445071416
6118,8466303022
6119,8466305033
6120,846630679X
6121,8466307125
6122,8472230082
6123,8472236552
6124,8472237966
6125,8477204055
6126,8478884955
6127,8478886451
6128,8483101610
6129,8495501074
6130,8495501090
6131,8495501198
6132,849550152X
6133,8495618605
6134,8496246086
6135,8496246620
6136,8497593588
6137,8804342838
6138,8806142100
6139,8806143042
6140,8806166484
6141,8807170698
6142,8807810212
6143,880781210X
6144,8807813025
6145,8807816067
6146,8807817039
6147,8817106100
6148,8817106259
6149,8817134899
6150,8845205118
6151,8845247414
6152,884590184X
6153,8846202503
6154,8873122933
6155,887782512X
6156,8878193526
6157,950491036X
6158,9681501225
6159,9724127001
6160,9726106141
6161,9727722458
6162,9770390107900
