encoded,user
0,8
1,99
2,114
3,242
4,243
5,244
6,254
7,300
8,383
9,388
10,424
11,446
12,487
13,503
14,505
15,507
16,566
17,595
18,626
19,638
20,643
21,651
22,709
23,735
24,776
25,805
26,834
27,882
28,900
29,901
30,929
31,1025
32,1063
33,1075
34,1083
35,1116
36,1129
37,1131
38,1155
39,1167
40,1211
41,1248
42,1343
43,1409
44,1412
45,1424
46,1435
47,1548
48,1558
49,1585
50,1660
51,1674
52,1706
53,1733
54,1790
55,1805
56,1848
57,1903
58,1928
59,2010
60,2012
61,2030
62,2033
63,2041
64,2103
65,2110
66,2132
67,2139
68,2179
69,2189
70,2197
71,2276
72,2287
73,2288
74,2313
75,2337
76,2358
77,2363
78,2399
79,2411
80,2437
81,2439
82,2442
83,2462
84,2589
85,2719
86,2766
87,2789
88,2793
89,2799
90,2891
91,2954
92,2977
93,3017
94,3145
95,3167
96,3192
97,3282
98,3326
99,3329
100,3331
101,3346
102,3363
103,3371
104,3373
105,3416
106,3418
107,3462
108,3471
109,3538
110,3556
111,3569
112,3578
113,3594
114,3640
115,3669
116,3675
117,3693
118,3719
119,3757
120,3814
121,3817
122,3827
123,3840
124,3917
125,3923
126,3965
127,4017
128,4091
129,4092
130,4098
131,4114
132,4131
133,4149
134,4157
135,4197
136,4221
137,4223
138,4334
139,4365
140,11676
141,11687
142,11690
143,11708
144,11718
145,11724
146,11776
147,11788
148,11817
149,11832
150,11916
151,11924
152,11944
153,11993
154,12081
155,12100
156,12112
157,12122
158,12123
159,12137
160,12143
161,12154
162,12194
163,12209
164,12272
165,12282
166,12331
167,12348
168,12362
169,12515
170,12537
171,12538
172,12569
173,12576
174,12619
175,12698
176,12702
177,12707
178,12734
179,12756
180,12784
181,12811
182,12824
183,12835
184,12863
185,12917
186,12945
187,12951
188,12982
189,12990
190,13032
191,13060
192,13080
193,13082
194,13093
195,13094
196,13126
197,13164
198,13173
199,13221
200,13223
201,13273
202,13279
203,13280
204,13331
205,13347
206,13518
207,13551
208,13552
209,13582
210,13600
211,13604
212,13607
213,13664
214,13666
215,13682
216,13709
217,13716
218,13733
219,13850
220,13896
221,13935
222,13973
223,13995
224,14007
225,14049
226,14079
227,14087
228,14173
229,14180
230,14232
231,14271
232,14281
233,14336
234,14374
235,14387
236,14392
237,14393
238,14422
239,14449
240,14451
241,14456
242,14461
243,14517
244,14521
245,14573
246,14638
247,14643
248,14667
249,14672
250,14683
251,14698
252,14744
253,14768
254,14808
255,14897
256,14945
257,14958
258,14998
259,15021
260,15040
261,15046
262,15049
263,15076
264,15093
265,15135
266,15144
267,15150
268,15185
269,15230
270,15408
271,15418
272,15497
273,15500
274,15589
275,15602
276,15651
277,15654
278,15670
279,15819
280,15834
281,15845
282,15918
283,15936
284,15945
285,15957
286,15962
287,15964
288,16009
289,16010
290,16036
291,16046
292,16106
293,16110
294,16121
295,16155
296,16161
297,16220
298,16231
299,16237
300,16244
301,16246
302,16258
303,16263
304,16319
305,16383
306,16417
307,16488
308,16504
309,16510
310,16545
311,16551
312,16585
313,16599
314,16601
315,16634
316,16666
317,16684
318,16708
319,16713
320,16717
321,16718
322,16721
323,16730
324,16749
325,16755
326,16777
327,16781
328,16795
329,16818
330,16835
331,16867
332,16871
333,16876
334,16877
335,16908
336,16916
337,16919
338,16935
339,16943
340,16949
341,16966
342,16982
343,16996
344,16999
345,17003
346,17046
347,17065
348,17068
349,17172
350,17177
351,17180
352,17183
353,17190
354,17224
355,17233
356,17282
357,17330
358,17353
359,17391
360,17402
361,17507
362,17578
363,17596
364,17667
365,17724
366,17761
367,17763
368,17859
369,17894
370,17906
371,17926
372,17950
373,17970
374,18016
375,18038
376,18067
377,18082
378,18095
379,18096
380,18132
381,18134
382,18155
383,18166
384,18167
385,18172
386,18176
387,18203
388,18254
389,18294
390,18309
391,18311
392,18323
393,18366
394,18384
395,18385
396,18395
397,18398
398,18401
399,18412
400,18429
401,18439
402,18464
403,18519
404,18671
405,18710
406,18714
407,18722
408,18850
409,18886
410,18922
411,18945
412,18963
413,18979
414,19011
415,19018
416,19019
417,19085
418,19145
419,19206
420,19220
421,19233
422,19303
423,19336
424,19362
425,19422
426,19429
427,19493
428,19503
429,19570
430,19571
431,19573
432,19605
433,19611
434,19664
435,19681
436,19711
437,19725
438,19760
439,19842
440,19866
441,19935
442,19969
443,19970
444,19972
445,19974
446,19983
447,20005
448,20022
449,20032
450,20034
451,20060
452,20062
453,20106
454,20115
455,20119
456,20147
457,20149
458,20150
459,20172
460,20180
461,20201
462,20245
463,20250
464,20254
465,20265
466,20294
467,20332
468,20336
469,20345
470,20347
471,20350
472,20388
473,20401
474,20409
475,20418
476,20448
477,20462
478,20484
479,20501
480,20561
481,20622
482,20627
483,20629
484,20668
485,20680
486,20703
487,20755
488,20794
489,20801
490,20804
491,20806
492,20916
493,20918
494,20961
495,20971
496,21011
497,21014
498,21031
499,21049
500,21112
501,21116
502,21155
503,21202
504,21207
505,21229
506,21252
507,21356
508,21357
509,21364
510,21368
511,21370
512,21404
513,21406
514,21462
515,21484
516,21490
517,21540
518,21575
519,21576
520,21593
521,21618
522,21659
523,21684
524,21708
525,21750
526,21774
527,21860
528,21875
529,21895
530,21903
531,21912
532,21930
533,21937
534,22012
535,22015
536,22045
537,22062
538,22074
539,22089
540,22107
541,22126
542,22154
543,22167
544,22200
545,22252
546,22296
547,22338
548,22362
549,22365
550,22409
551,22464
552,22495
553,22503
554,22521
555,22532
556,22617
557,22624
558,22625
559,22637
560,22657
561,22695
562,22710
563,22747
564,22773
565,22780
566,22813
567,22818
568,22830
569,22885
570,22888
571,22912
572,22922
573,22936
574,22964
575,22975
576,22981
577,23020
578,23065
579,23070
580,23124
581,23127
582,23128
583,23138
584,23231
585,23271
586,23288
587,23392
588,23408
589,23459
590,23498
591,23511
592,23547
593,23571
594,23582
595,23619
596,23624
597,23631
598,23642
599,23650
600,23652
601,23659
602,23680
603,23699
604,23768
605,23771
606,23835
607,23847
608,23871
609,23872
610,23881
611,23902
612,23933
613,24052
614,24082
615,24090
616,24105
617,24186
618,24188
619,24191
620,24193
621,24194
622,24204
623,24217
624,24342
625,24348
626,24379
627,24391
628,24427
629,24433
630,24452
631,24515
632,24525
633,24570
634,24612
635,24624
636,24627
637,24641
638,24694
639,24697
640,24733
641,24767
642,24768
643,24769
644,24773
645,24778
646,24835
647,24838
648,24846
649,24878
650,24921
651,24922
652,24933
653,24934
654,24945
655,24960
656,24995
657,25009
658,25041
659,25103
660,25109
661,25131
662,25216
663,25217
664,25225
665,25253
666,25261
667,25298
668,25351
669,25359
670,25373
671,25389
672,25395
673,25405
674,25409
675,25410
676,25413
677,25436
678,25443
679,25466
680,25533
681,25545
682,25561
683,25580
684,25583
685,25601
686,25604
687,25674
688,25695
689,25700
690,25711
691,25792
692,25804
693,25827
694,25850
695,25890
696,25893
697,25919
698,25930
699,25957
700,25966
701,25976
702,25981
703,25996
704,26030
705,26057
706,26070
707,26084
708,26124
709,26134
710,26145
711,26146
712,26153
713,26182
714,26196
715,26209
716,26231
717,26240
718,26284
719,26326
720,26371
721,26487
722,26516
723,26517
724,26521
725,26535
726,26538
727,26544
728,26553
729,26561
730,26579
731,26583
732,26593
733,26598
734,26611
735,26612
736,26615
737,26616
738,26620
739,26621
740,26624
741,26628
742,26664
743,26713
744,26751
745,26756
746,26774
747,26782
748,26813
749,26823
750,26883
751,26949
752,27061
753,27091
754,27140
755,27169
756,27193
757,27204
758,27265
759,27313
760,27317
761,27352
762,27383
763,27462
764,27472
765,27538
766,27551
767,27573
768,27593
769,27606
770,27616
771,27617
772,27647
773,27684
774,27740
775,27788
776,27809
777,27812
778,27813
779,27821
780,27875
781,27888
782,27891
783,27947
784,27961
785,28016
786,28056
787,28076
788,28091
789,28096
790,28139
791,28144
792,28150
793,28156
794,28177
795,28204
796,28219
797,28222
798,28255
799,28257
800,28289
801,28360
802,28372
803,28373
804,28430
805,28448
806,28451
807,28454
808,28477
809,28481
810,28492
811,28523
812,28537
813,28543
814,28591
815,28592
816,28594
817,28602
818,28619
819,28634
820,28647
821,28666
822,28667
823,28700
824,28731
825,28735
826,28790
827,28820
828,28865
829,28899
830,28938
831,28945
832,29000
833,29015
834,29028
835,29056
836,29070
837,29094
838,29101
839,29117
840,29133
841,29168
842,29204
843,29209
844,29259
845,29306
846,29380
847,29408
848,29419
849,29497
850,29526
851,29539
852,29570
853,29702
854,29743
855,29789
856,29835
857,29855
858,29867
859,29885
860,29905
861,29915
862,29974
863,30022
864,30029
865,30035
866,30052
867,30072
868,30081
869,30116
870,30120
871,30125
872,30127
873,30144
874,30202
875,30210
876,30245
877,30246
878,30261
879,30263
880,30273
881,30276
882,30290
883,30316
884,30319
885,30324
886,30333
887,30385
888,30408
889,30411
890,30445
891,30461
892,30487
893,30495
894,30511
895,30531
896,30533
897,30555
898,30560
899,30590
900,30594
901,30598
902,30607
903,30645
904,30650
905,30657
906,30667
907,30711
908,30712
909,30716
910,30727
911,30735
912,30749
913,30770
914,30779
915,30795
916,30806
917,30810
918,30824
919,30838
920,30854
921,30887
922,30898
923,30906
924,30925
925,30933
926,30939
927,30968
928,30971
929,30972
930,30979
931,30985
932,30989
933,30994
934,31008
935,31010
936,31040
937,31050
938,31053
939,31080
940,31082
941,31094
942,31134
943,31140
944,31144
945,31158
946,31226
947,31229
948,31230
949,31245
950,31250
951,31256
952,31308
953,31315
954,31343
955,31355
956,31386
957,31391
958,31392
959,31393
960,31406
961,31412
962,31421
963,31431
964,31446
965,31466
966,31468
967,31471
968,31528
969,31541
970,31551
971,31556
972,31594
973,31609
974,31614
975,31624
976,31652
977,31681
978,31688
979,31714
980,31740
981,31816
982,31826
983,31838
984,31846
985,31860
986,31900
987,31919
988,31948
989,31950
990,31978
991,31984
992,31987
993,32034
994,32036
995,32039
996,32049
997,32087
998,32108
999,32110
1000,32122
1001,32148
1002,32159
1003,32184
1004,32188
1005,32195
1006,32196
1007,32211
1008,32244
1009,32250
1010,32275
1011,32329
1012,32362
1013,32417
1014,32440
1015,32444
1016,32483
1017,32516
1018,32530
1019,32569
1020,32575
1021,32599
1022,32627
1023,32641
1024,32721
1025,32773
1026,32793
1027,32802
1028,32817
1029,32955
1030,32964
1031,33004
1032,33006
1033,33026
1034,33030
1035,33036
1036,33049
1037,33114
1038,33124
1039,33145
1040,33153
1041,33163
1042,33178
1043,33179
1044,33200
1045,33264
1046,33270
1047,33283
1048,33307
1049,33319
1050,33345
1051,33386
1052,33408
1053,33422
1054,33432
1055,33461
1056,33474
1057,33491
1058,33517
1059,33576
1060,33580
1061,33614
1062,33656
1063,33681
1064,33763
1065,33816
1066,33818
1067,33826
1068,33832
1069,33836
1070,33862
1071,33888
1072,33905
1073,33933
1074,33943
1075,33958
1076,33974
1077,33980
1078,33999
1079,34075
1080,34087
1081,34115
1082,34152
1083,34215
1084,34223
1085,34227
1086,34230
1087,34300
1088,34377
1089,34460
1090,34465
1091,34501
1092,34521
1093,34526
1094,34539
1095,34566
1096,34588
1097,34597
1098,34600
1099,34636
1100,34657
1101,34752
1102,34764
1103,34801
1104,34864
1105,34908
1106,34932
1107,34987
1108,34988
1109,35030
1110,35050
1111,35079
1112,35081
1113,35090
1114,35144
1115,35148
1116,35179
1117,35188
1118,35233
1119,35240
1120,35270
1121,35320
1122,35407
1123,35424
1124,35433
1125,35445
1126,35486
1127,35490
1128,35518
1129,35532
1130,35631
1131,35704
1132,35705
1133,35707
1134,35713
1135,35718
1136,35793
1137,35826
1138,35836
1139,35841
1140,35845
1141,35857
1142,35859
1143,35865
1144,35909
1145,35910
1146,35918
1147,35921
1148,35922
1149,35931
1150,35951
1151,35953
1152,35954
1153,35966
1154,35979
1155,35998
1156,36003
1157,36043
1158,36103
1159,36121
1160,36135
1161,36137
1162,36141
1163,36157
1164,36229
1165,36238
1166,36256
1167,36269
1168,36286
1169,36288
1170,36299
1171,36326
1172,36327
1173,36413
1174,36416
1175,36554
1176,36568
1177,36606
1178,36609
1179,36621
1180,36638
1181,36673
1182,36677
1183,36693
1184,36709
1185,36715
1186,36741
1187,36749
1188,36801
1189,36807
1190,36811
1191,36817
1192,36836
1193,36839
1194,36907
1195,36935
1196,36938
1197,36952
1198,36978
1199,36992
1200,37030
1201,37034
1202,37083
1203,37113
1204,37147
1205,37168
1206,37208
1207,37227
1208,37235
1209,37239
1210,37244
1211,37293
1212,37300
1213,37310
1214,37311
1215,37332
1216,37377
1217,37400
1218,37426
1219,37431
1220,37447
1221,37454
1222,37493
1223,37512
1224,37527
1225,37538
1226,37556
1227,37567
1228,37573
1229,37597
1230,37605
1231,37623
1232,37644
1233,37689
1234,37691
1235,37693
1236,37712
1237,37790
1238,37822
1239,37874
1240,37905
1241,37929
1242,37950
1243,37968
1244,37974
1245,37975
1246,37989
1247,38005
1248,38023
1249,38029
1250,38034
1251,38091
1252,38169
1253,38176
1254,38248
1255,38250
1256,38273
1257,38281
1258,38457
1259,38464
1260,38482
1261,38503
1262,38524
1263,38544
1264,38555
1265,38556
1266,38559
1267,38589
1268,38590
1269,38654
1270,38660
1271,38661
1272,38674
1273,38679
1274,38703
1275,38718
1276,38725
1277,38762
1278,38781
1279,38802
1280,38818
1281,38832
1282,38887
1283,38922
1284,38933
1285,38935
1286,38950
1287,38994
1288,38995
1289,39087
1290,39106
1291,39133
1292,39134
1293,39159
1294,39195
1295,39219
1296,39227
1297,39265
1298,39281
1299,39284
1300,39345
1301,39353
1302,39372
1303,39374
1304,39379
1305,39396
1306,39400
1307,39441
1308,39464
1309,39467
1310,39502
1311,39513
1312,39523
1313,39527
1314,39588
1315,39602
1316,39608
1317,39616
1318,39646
1319,39651
1320,39662
1321,39692
1322,39705
1323,39773
1324,39974
1325,40012
1326,40043
1327,40052
1328,40110
1329,40136
1330,40222
1331,40276
1332,40299
1333,40316
1334,40330
1335,40415
1336,40466
1337,40505
1338,40511
1339,40553
1340,40563
1341,40604
1342,40612
1343,40617
1344,40627
1345,40640
1346,40647
1347,40748
1348,40772
1349,40795
1350,40796
1351,40798
1352,40838
1353,40888
1354,40889
1355,40914
1356,40922
1357,40943
1358,40958
1359,41080
1360,41084
1361,41086
1362,41088
1363,41103
1364,41111
1365,41114
1366,41123
1367,41157
1368,41177
1369,41198
1370,41227
1371,41245
1372,41324
1373,41347
1374,41364
1375,41376
1376,41395
1377,41403
1378,41425
1379,41449
1380,41450
1381,41455
1382,41557
1383,41589
1384,41596
1385,41602
1386,41634
1387,41646
1388,41667
1389,41676
1390,41687
1391,41698
1392,41700
1393,41701
1394,41718
1395,41738
1396,41751
1397,41757
1398,41760
1399,41781
1400,41831
1401,41841
1402,41842
1403,41854
1404,41892
1405,41897
1406,41911
1407,42055
1408,42093
1409,42099
1410,42162
1411,42178
1412,42323
1413,42352
1414,42362
1415,42372
1416,42408
1417,42410
1418,42419
1419,42450
1420,42458
1421,42466
1422,42482
1423,42511
1424,42573
1425,42597
1426,42611
1427,42651
1428,42718
1429,42721
1430,42730
1431,42780
1432,42798
1433,42831
1434,42847
1435,42883
1436,42902
1437,42914
1438,42940
1439,42948
1440,43004
1441,43006
1442,43021
1443,43052
1444,43093
1445,43118
1446,43157
1447,43163
1448,43246
1449,43282
1450,43285
1451,43309
1452,43359
1453,43397
1454,43404
1455,43418
1456,43436
1457,43481
1458,43595
1459,43619
1460,43626
1461,43642
1462,43645
1463,43678
1464,43687
1465,43698
1466,43806
1467,43807
1468,43842
1469,43850
1470,43852
1471,43873
1472,43901
1473,43907
1474,43909
1475,43910
1476,43920
1477,43925
1478,43955
1479,43962
1480,44020
1481,44070
1482,44089
1483,44091
1484,44190
1485,44252
1486,44295
1487,44296
1488,44297
1489,44307
1490,44320
1491,44368
1492,44389
1493,44467
1494,44472
1495,44496
1496,44535
1497,44566
1498,44588
1499,44590
1500,44595
1501,44611
1502,44647
1503,44663
1504,44727
1505,44728
1506,44743
1507,44756
1508,44837
1509,44842
1510,44845
1511,44852
1512,44892
1513,44893
1514,44925
1515,44932
1516,44985
1517,45014
1518,45042
1519,45064
1520,45068
1521,45107
1522,45113
1523,45119
1524,45184
1525,45218
1526,45230
1527,45255
1528,45287
1529,45305
1530,45315
1531,45340
1532,45359
1533,45383
1534,45391
1535,45416
1536,45418
1537,45444
1538,45460
1539,45471
1540,45507
1541,45557
1542,45564
1543,45584
1544,45641
1545,45778
1546,45879
1547,45899
1548,45904
1549,45911
1550,45943
1551,45987
1552,46003
1553,46099
1554,46145
1555,46154
1556,46197
1557,46258
1558,46269
1559,46293
1560,46295
1561,46312
1562,46345
1563,46350
1564,46351
1565,46389
1566,46394
1567,46398
1568,46417
1569,46443
1570,46461
1571,46481
1572,46483
1573,46534
1574,46541
1575,46671
1576,46690
1577,46706
1578,46826
1579,46892
1580,46904
1581,46907
1582,46909
1583,47017
1584,47030
1585,47050
1586,47117
1587,47118
1588,47127
1589,47128
1590,47145
1591,47152
1592,47232
1593,47250
1594,47276
1595,47279
1596,47293
1597,47315
1598,47316
1599,47329
1600,47401
1601,47411
1602,47465
1603,47504
1604,47512
1605,47581
1606,47594
1607,47605
1608,47609
1609,47635
1610,47758
1611,47779
1612,47786
1613,47793
1614,47807
1615,47819
1616,47851
1617,47856
1618,47861
1619,47922
1620,47925
1621,47971
1622,47974
1623,47975
1624,47982
1625,47987
1626,48025
1627,48037
1628,48046
1629,48213
1630,48217
1631,48268
1632,48307
1633,48326
1634,48339
1635,48342
1636,48355
1637,48357
1638,48382
1639,48421
1640,48468
1641,48474
1642,48494
1643,48498
1644,48579
1645,48595
1646,48630
1647,48644
1648,48662
1649,48743
1650,48753
1651,48911
1652,48929
1653,48970
1654,48975
1655,48995
1656,48999
1657,49061
1658,49109
1659,49144
1660,49154
1661,49155
1662,49166
1663,49177
1664,49212
1665,49225
1666,49262
1667,49277
1668,49289
1669,49300
1670,49313
1671,49314
1672,49324
1673,49392
1674,49403
1675,49404
1676,49421
1677,49422
1678,49423
1679,49460
1680,49526
1681,49582
1682,49668
1683,49683
1684,49753
1685,49771
1686,49792
1687,49827
1688,49842
1689,49889
1690,49900
1691,49980
1692,50073
1693,50092
1694,50098
1695,50110
1696,50129
1697,50131
1698,50141
1699,50143
1700,50157
1701,50165
1702,50193
1703,50204
1704,50205
1705,50225
1706,50321
1707,50330
1708,50376
1709,50456
1710,50504
1711,50526
1712,50539
1713,50547
1714,50570
1715,50612
1716,50615
1717,50628
1718,50650
1719,50681
1720,50711
1721,50730
1722,50749
1723,50823
1724,50845
1725,50849
1726,50859
1727,50895
1728,51062
1729,51071
1730,51082
1731,51099
1732,51100
1733,51165
1734,51184
1735,51192
1736,51207
1737,51210
1738,51252
1739,51269
1740,51350
1741,51359
1742,51364
1743,51365
1744,51386
1745,51403
1746,51440
1747,51449
1748,51450
1749,51463
1750,51511
1751,51526
1752,51559
1753,51589
1754,51627
1755,51663
1756,51665
1757,51742
1758,51783
1759,51803
1760,51805
1761,51826
1762,51840
1763,51856
1764,51883
1765,51913
1766,51924
1767,51950
1768,51962
1769,51983
1770,51992
1771,52002
1772,52011
1773,52021
1774,52044
1775,52130
1776,52141
1777,52159
1778,52175
1779,52199
1780,52203
1781,52226
1782,52256
1783,52293
1784,52320
1785,52323
1786,52350
1787,52420
1788,52425
1789,52435
1790,52438
1791,52441
1792,52455
1793,52472
1794,52521
1795,52525
1796,52532
1797,52574
1798,52584
1799,52586
1800,52614
1801,52670
1802,52673
1803,52676
1804,52768
1805,52807
1806,52851
1807,52853
1808,52887
1809,52917
1810,52968
1811,52993
1812,52994
1813,53042
1814,53046
1815,53069
1816,53140
1817,53174
1818,53220
1819,53229
1820,53236
1821,53241
1822,53254
1823,53256
1824,53265
1825,53278
1826,53301
1827,53304
1828,53332
1829,53365
1830,53376
1831,53392
1832,53408
1833,53414
1834,53418
1835,53456
1836,53515
1837,53520
1838,53545
1839,53575
1840,53590
1841,53605
1842,53614
1843,53628
1844,53660
1845,53663
1846,53664
1847,53729
1848,53846
1849,54005
1850,54072
1851,54095
1852,54161
1853,54165
1854,54166
1855,54193
1856,54206
1857,54218
1858,54222
1859,54283
1860,54290
1861,54335
1862,54374
1863,54453
1864,54492
1865,54497
1866,54511
1867,54512
1868,54547
1869,54578
1870,54589
1871,54605
1872,54622
1873,54624
1874,54648
1875,54652
1876,54731
1877,54740
1878,54817
1879,54884
1880,54889
1881,54898
1882,54911
1883,54968
1884,54997
1885,55006
1886,55027
1887,55065
1888,55075
1889,55086
1890,55097
1891,55136
1892,55142
1893,55178
1894,55180
1895,55187
1896,55197
1897,55217
1898,55270
1899,55272
1900,55331
1901,55375
1902,55395
1903,55398
1904,55438
1905,55441
1906,55454
1907,55486
1908,55487
1909,55488
1910,55490
1911,55492
1912,55493
1913,55511
1914,55548
1915,55550
1916,55559
1917,55562
1918,55607
1919,55631
1920,55641
1921,55687
1922,55700
1923,55734
1924,55751
1925,55779
1926,55787
1927,55789
1928,55799
1929,55826
1930,55858
1931,55892
1932,55927
1933,55955
1934,55961
1935,55973
1936,56039
1937,56066
1938,56157
1939,56198
1940,56201
1941,56246
1942,56271
1943,56272
1944,56307
1945,56315
1946,56323
1947,56360
1948,56369
1949,56391
1950,56399
1951,56425
1952,56442
1953,56447
1954,56470
1955,56554
1956,56579
1957,56623
1958,56625
1959,56654
1960,56661
1961,56663
1962,56707
1963,56804
1964,56856
1965,56874
1966,56905
1967,56917
1968,56959
1969,56985
1970,57002
1971,57006
1972,57068
1973,57072
1974,57095
1975,57105
1976,57108
1977,57124
1978,57148
1979,57200
1980,57214
1981,57234
1982,57255
1983,57267
1984,57269
1985,57302
1986,57305
1987,57354
1988,57369
1989,57398
1990,57412
1991,57447
1992,57449
1993,57599
1994,57620
1995,57632
1996,57697
1997,57713
1998,57725
1999,57726
2000,57833
2001,57853
2002,57862
2003,57920
2004,57935
2005,57959
2006,57960
2007,57976
2008,57989
2009,58062
2010,58067
2011,58142
2012,58151
2013,58152
2014,58156
2015,58168
2016,58174
2017,58194
2018,58202
2019,58224
2020,58231
2021,58252
2022,58255
2023,58259
2024,58290
2025,58319
2026,58342
2027,58351
2028,58363
2029,58379
2030,58389
2031,58390
2032,58397
2033,58426
2034,58458
2035,58473
2036,58497
2037,58515
2038,58516
2039,58529
2040,58594
2041,58612
2042,58629
2043,58641
2044,58644
2045,58708
2046,58709
2047,58768
2048,58790
2049,58792
2050,58834
2051,58855
2052,58869
2053,58877
2054,58911
2055,58961
2056,58964
2057,59034
2058,59038
2059,59059
2060,59147
2061,59150
2062,59172
2063,59180
2064,59189
2065,59197
2066,59206
2067,59209
2068,59220
2069,59254
2070,59261
2071,59266
2072,59267
2073,59269
2074,59305
2075,59390
2076,59438
2077,59499
2078,59504
2079,59524
2080,59554
2081,59604
2082,59612
2083,59656
2084,59727
2085,59734
2086,59763
2087,59770
2088,59812
2089,59820
2090,59895
2091,59912
2092,59933
2093,59948
2094,59971
2095,60004
2096,60014
2097,60028
2098,60029
2099,60031
2100,60040
2101,60050
2102,60079
2103,60080
2104,60098
2105,60114
2106,60157
2107,60168
2108,60178
2109,60211
2110,60244
2111,60251
2112,60263
2113,60278
2114,60287
2115,60307
2116,60319
2117,60337
2118,60392
2119,60400
2120,60412
2121,60419
2122,60424
2123,60427
2124,60439
2125,60445
2126,60461
2127,60475
2128,60476
2129,60517
2130,60546
2131,60569
2132,60583
2133,60586
2134,60621
2135,60703
2136,60707
2137,60787
2138,60797
2139,60809
2140,60858
2141,60905
2142,60941
2143,60944
2144,60977
2145,61021
2146,61028
2147,61038
2148,61042
2149,61146
2150,61147
2151,61211
2152,61216
2153,61257
2154,61296
2155,61297
2156,61317
2157,61348
2158,61354
2159,61427
2160,61494
2161,61497
2162,61524
2163,61619
2164,61668
2165,61704
2166,61759
2167,61762
2168,61764
2169,61775
2170,61798
2171,61835
2172,61845
2173,61854
2174,61888
2175,61901
2176,61910
2177,62009
2178,62150
2179,62151
2180,62172
2181,62239
2182,62272
2183,62303
2184,62316
2185,62339
2186,62348
2187,62378
2188,62381
2189,62410
2190,62457
2191,62464
2192,62471
2193,62475
2194,62542
2195,62546
2196,62558
2197,62582
2198,62586
2199,62592
2200,62625
2201,62662
2202,62670
2203,62680
2204,62688
2205,62716
2206,62755
2207,62809
2208,62862
2209,62881
2210,62891
2211,62895
2212,62929
2213,62954
2214,62958
2215,62966
2216,62968
2217,63004
2218,63044
2219,63166
2220,63182
2221,63243
2222,63246
2223,63358
2224,63360
2225,63389
2226,63394
2227,63452
2228,63494
2229,63506
2230,63507
2231,63545
2232,63595
2233,63625
2234,63629
2235,63643
2236,63650
2237,63665
2238,63714
2239,63765
2240,63849
2241,63854
2242,63865
2243,63918
2244,63923
2245,63938
2246,63956
2247,63993
2248,64010
2249,64015
2250,64063
2251,64073
2252,64075
2253,64076
2254,64137
2255,64185
2256,64186
2257,64220
2258,64241
2259,64249
2260,64270
2261,64271
2262,64310
2263,64316
2264,64333
2265,64344
2266,64346
2267,64373
2268,64396
2269,64429
2270,64435
2271,64436
2272,64440
2273,64448
2274,64449
2275,64535
2276,64625
2277,64629
2278,64679
2279,64743
2280,64763
2281,64769
2282,64779
2283,64783
2284,64803
2285,64846
2286,64903
2287,64946
2288,64948
2289,65027
2290,65032
2291,65038
2292,65068
2293,65098
2294,65145
2295,65183
2296,65191
2297,65192
2298,65208
2299,65228
2300,65238
2301,65258
2302,65334
2303,65370
2304,65377
2305,65398
2306,65444
2307,65484
2308,65487
2309,65497
2310,65549
2311,65584
2312,65653
2313,65663
2314,65665
2315,65710
2316,65752
2317,65769
2318,65791
2319,65817
2320,65837
2321,65844
2322,65877
2323,65913
2324,65946
2325,66055
2326,66073
2327,66100
2328,66129
2329,66255
2330,66323
2331,66337
2332,66370
2333,66387
2334,66423
2335,66443
2336,66483
2337,66485
2338,66487
2339,66518
2340,66523
2341,66533
2342,66556
2343,66574
2344,66591
2345,66599
2346,66640
2347,66680
2348,66765
2349,66789
2350,66797
2351,66842
2352,66853
2353,66878
2354,66938
2355,66942
2356,66945
2357,66953
2358,66956
2359,66960
2360,66964
2361,67053
2362,67079
2363,67085
2364,67111
2365,67174
2366,67176
2367,67178
2368,67187
2369,67198
2370,67236
2371,67270
2372,67288
2373,67296
2374,67354
2375,67364
2376,67397
2377,67402
2378,67403
2379,67415
2380,67442
2381,67487
2382,67497
2383,67515
2384,67542
2385,67544
2386,67547
2387,67591
2388,67627
2389,67663
2390,67677
2391,67693
2392,67694
2393,67782
2394,67785
2395,67796
2396,67810
2397,67838
2398,67840
2399,67910
2400,67930
2401,67958
2402,67992
2403,68000
2404,68014
2405,68050
2406,68067
2407,68073
2408,68081
2409,68128
2410,68156
2411,68185
2412,68227
2413,68234
2414,68240
2415,68249
2416,68254
2417,68256
2418,68272
2419,68309
2420,68383
2421,68422
2422,68436
2423,68447
2424,68473
2425,68478
2426,68491
2427,68537
2428,68555
2429,68561
2430,68568
2431,68581
2432,68615
2433,68621
2434,68690
2435,68700
2436,68760
2437,68767
2438,68768
2439,68811
2440,68836
2441,68846
2442,68854
2443,68886
2444,68887
2445,68943
2446,68984
2447,68998
2448,69012
2449,69023
2450,69042
2451,69063
2452,69076
2453,69078
2454,69089
2455,69156
2456,69180
2457,69188
2458,69211
2459,69232
2460,69252
2461,69274
2462,69355
2463,69378
2464,69389
2465,69405
2466,69410
2467,69460
2468,69511
2469,69512
2470,69554
2471,69600
2472,69627
2473,69648
2474,69658
2475,69684
2476,69697
2477,69709
2478,69721
2479,69749
2480,69775
2481,69790
2482,69808
2483,69929
2484,69933
2485,69955
2486,69967
2487,69971
2488,69986
2489,70014
2490,70052
2491,70063
2492,70065
2493,70183
2494,70189
2495,70192
2496,70198
2497,70205
2498,70222
2499,70238
2500,70302
2501,70318
2502,70379
2503,70401
2504,70402
2505,70415
2506,70435
2507,70448
2508,70541
2509,70556
2510,70564
2511,70569
2512,70585
2513,70594
2514,70628
2515,70649
2516,70666
2517,70703
2518,70713
2519,70740
2520,70772
2521,70791
2522,70864
2523,70878
2524,70918
2525,70931
2526,70996
2527,70999
2528,71075
2529,71076
2530,71102
2531,71162
2532,71181
2533,71183
2534,71193
2535,71207
2536,71223
2537,71227
2538,71234
2539,71261
2540,71459
2541,71470
2542,71490
2543,71521
2544,71522
2545,71554
2546,71587
2547,71591
2548,71612
2549,71628
2550,71662
2551,71712
2552,71728
2553,71739
2554,71752
2555,71786
2556,71800
2557,71831
2558,71853
2559,71884
2560,71897
2561,71900
2562,71902
2563,71940
2564,71967
2565,71981
2566,72005
2567,72028
2568,72099
2569,72100
2570,72163
2571,72183
2572,72190
2573,72214
2574,72233
2575,72238
2576,72261
2577,72276
2578,72287
2579,72296
2580,72347
2581,72352
2582,72368
2583,72379
2584,72418
2585,72451
2586,72470
2587,72523
2588,72530
2589,72531
2590,72575
2591,72601
2592,72636
2593,72707
2594,72742
2595,72770
2596,72785
2597,72863
2598,72875
2599,72882
2600,72975
2601,72990
2602,72992
2603,73003
2604,73022
2605,73044
2606,73056
2607,73076
2608,73091
2609,73127
2610,73157
2611,73196
2612,73215
2613,73224
2614,73330
2615,73394
2616,73398
2617,73464
2618,73467
2619,73469
2620,73479
2621,73504
2622,73532
2623,73548
2624,73588
2625,73603
2626,73614
2627,73622
2628,73651
2629,73670
2630,73681
2631,73691
2632,73741
2633,73795
2634,73798
2635,73837
2636,73892
2637,73893
2638,73923
2639,73955
2640,73991
2641,74026
2642,74056
2643,74089
2644,74093
2645,74106
2646,74172
2647,74175
2648,74176
2649,74185
2650,74187
2651,74215
2652,74238
2653,74274
2654,74286
2655,74328
2656,74356
2657,74413
2658,74453
2659,74493
2660,74500
2661,74505
2662,74559
2663,74569
2664,74571
2665,74630
2666,74655
2667,74665
2668,74687
2669,74689
2670,74691
2671,74743
2672,74758
2673,74801
2674,74810
2675,74825
2676,74833
2677,74849
2678,74871
2679,74908
2680,74911
2681,74920
2682,74959
2683,75013
2684,75028
2685,75081
2686,75083
2687,75089
2688,75096
2689,75115
2690,75119
2691,75127
2692,75149
2693,75177
2694,75306
2695,75330
2696,75335
2697,75339
2698,75355
2699,75405
2700,75429
2701,75485
2702,75486
2703,75491
2704,75522
2705,75551
2706,75568
2707,75585
2708,75591
2709,75695
2710,75701
2711,75749
2712,75762
2713,75764
2714,75771
2715,75777
2716,75783
2717,75787
2718,75809
2719,75819
2720,75833
2721,75842
2722,75852
2723,75860
2724,75875
2725,75951
2726,75980
2727,76001
2728,76019
2729,76070
2730,76102
2731,76105
2732,76148
2733,76151
2734,76168
2735,76173
2736,76218
2737,76223
2738,76241
2739,76259
2740,76350
2741,76351
2742,76352
2743,76458
2744,76482
2745,76483
2746,76499
2747,76530
2748,76532
2749,76575
2750,76576
2751,76611
2752,76626
2753,76710
2754,76741
2755,76748
2756,76803
2757,76812
2758,76815
2759,76818
2760,76865
2761,76873
2762,76888
2763,76942
2764,76957
2765,76968
2766,76976
2767,77039
2768,77045
2769,77052
2770,77072
2771,77181
2772,77261
2773,77270
2774,77273
2775,77307
2776,77332
2777,77359
2778,77377
2779,77383
2780,77400
2781,77471
2782,77480
2783,77491
2784,77499
2785,77516
2786,77517
2787,77526
2788,77585
2789,77629
2790,77676
2791,77678
2792,77724
2793,77772
2794,77809
2795,77825
2796,77860
2797,77886
2798,77891
2799,77940
2800,77960
2801,78007
2802,78015
2803,78089
2804,78229
2805,78264
2806,78265
2807,78323
2808,78328
2809,78340
2810,78440
2811,78448
2812,78469
2813,78471
2814,78496
2815,78518
2816,78545
2817,78553
2818,78555
2819,78564
2820,78573
2821,78589
2822,78619
2823,78673
2824,78719
2825,78722
2826,78755
2827,78761
2828,78772
2829,78773
2830,78774
2831,78777
2832,78778
2833,78783
2834,78834
2835,78841
2836,78846
2837,78895
2838,78901
2839,78935
2840,78941
2841,78973
2842,78996
2843,78997
2844,79009
2845,79055
2846,79066
2847,79089
2848,79110
2849,79150
2850,79153
2851,79172
2852,79182
2853,79186
2854,79188
2855,79215
2856,79266
2857,79285
2858,79315
2859,79366
2860,79441
2861,79475
2862,79477
2863,79506
2864,79527
2865,79556
2866,79590
2867,79680
2868,79724
2869,79736
2870,79740
2871,79747
2872,79754
2873,79815
2874,79842
2875,79854
2876,79916
2877,79923
2878,79933
2879,79942
2880,79958
2881,79961
2882,79977
2883,80036
2884,80061
2885,80066
2886,80067
2887,80071
2888,80075
2889,80077
2890,80084
2891,80105
2892,80119
2893,80135
2894,80202
2895,80203
2896,80234
2897,80266
2898,80323
2899,80371
2900,80453
2901,80477
2902,80512
2903,80516
2904,80538
2905,80555
2906,80603
2907,80623
2908,80642
2909,80661
2910,80683
2911,80684
2912,80690
2913,80692
2914,80693
2915,80754
2916,80768
2917,80781
2918,80803
2919,80810
2920,80820
2921,80826
2922,80837
2923,80908
2924,80929
2925,80945
2926,80954
2927,80996
2928,81015
2929,81045
2930,81064
2931,81088
2932,81121
2933,81128
2934,81136
2935,81207
2936,81216
2937,81227
2938,81247
2939,81249
2940,81263
2941,81274
2942,81298
2943,81303
2944,81318
2945,81324
2946,81332
2947,81352
2948,81360
2949,81368
2950,81370
2951,81406
2952,81434
2953,81456
2954,81459
2955,81460
2956,81475
2957,81481
2958,81484
2959,81492
2960,81551
2961,81560
2962,81564
2963,81578
2964,81580
2965,81597
2966,81609
2967,81661
2968,81672
2969,81682
2970,81731
2971,81771
2972,81845
2973,81848
2974,81855
2975,81865
2976,81901
2977,81927
2978,81950
2979,81977
2980,81982
2981,82001
2982,82080
2983,82082
2984,82123
2985,82156
2986,82164
2987,82171
2988,82192
2989,82227
2990,82407
2991,82431
2992,82445
2993,82491
2994,82497
2995,82511
2996,82608
2997,82657
2998,82659
2999,82673
3000,82699
3001,82720
3002,82751
3003,82769
3004,82795
3005,82797
3006,82808
3007,82825
3008,82831
3009,82839
3010,82841
3011,82893
3012,82917
3013,82939
3014,82942
3015,82955
3016,82968
3017,83041
3018,83069
3019,83109
3020,83110
3021,83135
3022,83156
3023,83166
3024,83178
3025,83186
3026,83235
3027,83239
3028,83252
3029,83258
3030,83283
3031,83287
3032,83306
3033,83383
3034,83390
3035,83428
3036,83431
3037,83443
3038,83457
3039,83496
3040,83561
3041,83589
3042,83637
3043,83646
3044,83666
3045,83671
3046,83743
3047,83754
3048,83775
3049,83842
3050,83880
3051,83971
3052,84024
3053,84109
3054,84111
3055,84126
3056,84146
3057,84178
3058,84198
3059,84201
3060,84308
3061,84421
3062,84426
3063,84427
3064,84476
3065,84479
3066,84523
3067,84527
3068,84537
3069,84553
3070,84627
3071,84639
3072,84671
3073,84727
3074,84729
3075,84795
3076,84820
3077,84831
3078,84847
3079,84866
3080,84867
3081,84869
3082,84882
3083,84897
3084,84900
3085,84902
3086,84910
3087,85033
3088,85043
3089,85097
3090,85099
3091,85132
3092,85240
3093,85256
3094,85294
3095,85367
3096,85426
3097,85433
3098,85455
3099,85502
3100,85510
3101,85526
3102,85534
3103,85554
3104,85587
3105,85616
3106,85656
3107,85701
3108,85757
3109,85769
3110,85806
3111,85833
3112,85851
3113,85872
3114,85905
3115,85944
3116,85962
3117,85992
3118,85993
3119,86001
3120,86033
3121,86051
3122,86093
3123,86103
3124,86123
3125,86136
3126,86140
3127,86145
3128,86159
3129,86170
3130,86189
3131,86202
3132,86242
3133,86243
3134,86247
3135,86276
3136,86368
3137,86392
3138,86408
3139,86419
3140,86489
3141,86548
3142,86555
3143,86583
3144,86641
3145,86680
3146,86683
3147,86720
3148,86792
3149,86819
3150,86835
3151,86906
3152,86931
3153,86932
3154,86947
3155,86959
3156,86965
3157,86969
3158,87051
3159,87108
3160,87114
3161,87129
3162,87141
3163,87147
3164,87155
3165,87257
3166,87302
3167,87351
3168,87386
3169,87401
3170,87540
3171,87549
3172,87555
3173,87579
3174,87688
3175,87690
3176,87707
3177,87712
3178,87729
3179,87747
3180,87776
3181,87820
3182,87875
3183,87911
3184,87929
3185,87938
3186,87948
3187,87949
3188,87956
3189,87964
3190,87974
3191,88012
3192,88029
3193,88066
3194,88109
3195,88116
3196,88122
3197,88170
3198,88175
3199,88187
3200,88229
3201,88232
3202,88248
3203,88278
3204,88283
3205,88288
3206,88299
3207,88330
3208,88352
3209,88389
3210,88395
3211,88412
3212,88416
3213,88435
3214,88468
3215,88574
3216,88605
3217,88620
3218,88631
3219,88633
3220,88652
3221,88677
3222,88686
3223,88693
3224,88729
3225,88733
3226,88738
3227,88767
3228,88793
3229,88879
3230,88937
3231,88946
3232,88976
3233,88979
3234,88993
3235,89014
3236,89057
3237,89093
3238,89179
3239,89192
3240,89207
3241,89307
3242,89314
3243,89339
3244,89361
3245,89391
3246,89474
3247,89475
3248,89507
3249,89551
3250,89558
3251,89602
3252,89610
3253,89634
3254,89761
3255,89851
3256,89852
3257,89867
3258,89869
3259,89874
3260,89891
3261,89905
3262,89911
3263,89913
3264,89917
3265,89922
3266,90049
3267,90072
3268,90075
3269,90088
3270,90105
3271,90134
3272,90137
3273,90146
3274,90174
3275,90176
3276,90192
3277,90198
3278,90232
3279,90277
3280,90279
3281,90286
3282,90300
3283,90322
3284,90358
3285,90391
3286,90417
3287,90423
3288,90467
3289,90471
3290,90481
3291,90517
3292,90614
3293,90616
3294,90653
3295,90657
3296,90694
3297,90731
3298,90743
3299,90766
3300,90776
3301,90784
3302,90793
3303,90829
3304,90830
3305,90839
3306,90915
3307,90971
3308,91001
3309,91002
3310,91017
3311,91023
3312,91026
3313,91047
3314,91058
3315,91103
3316,91113
3317,91119
3318,91130
3319,91165
3320,91184
3321,91203
3322,91244
3323,91258
3324,91263
3325,91266
3326,91341
3327,91342
3328,91425
3329,91449
3330,91478
3331,91491
3332,91532
3333,91576
3334,91627
3335,91631
3336,91634
3337,91647
3338,91692
3339,91761
3340,91792
3341,91832
3342,91838
3343,91875
3344,91882
3345,91931
3346,91937
3347,92005
3348,92079
3349,92132
3350,92152
3351,92156
3352,92184
3353,92215
3354,92316
3355,92336
3356,92346
3357,92390
3358,92398
3359,92399
3360,92405
3361,92498
3362,92524
3363,92534
3364,92547
3365,92561
3366,92637
3367,92648
3368,92652
3369,92658
3370,92659
3371,92674
3372,92693
3373,92696
3374,92798
3375,92804
3376,92810
3377,92853
3378,92861
3379,92869
3380,92909
3381,92979
3382,93018
3383,93034
3384,93046
3385,93047
3386,93085
3387,93092
3388,93105
3389,93114
3390,93116
3391,93130
3392,93141
3393,93147
3394,93161
3395,93179
3396,93241
3397,93245
3398,93257
3399,93308
3400,93335
3401,93355
3402,93358
3403,93363
3404,93364
3405,93370
3406,93377
3407,93386
3408,93421
3409,93426
3410,93427
3411,93453
3412,93483
3413,93513
3414,93518
3415,93562
3416,93565
3417,93595
3418,93615
3419,93629
3420,93630
3421,93631
3422,93636
3423,93691
3424,93698
3425,93701
3426,93711
3427,93726
3428,93732
3429,93740
3430,93769
3431,93794
3432,93800
3433,93871
3434,93872
3435,93985
3436,94023
3437,94094
3438,94100
3439,94153
3440,94173
3441,94194
3442,94209
3443,94213
3444,94241
3445,94242
3446,94263
3447,94264
3448,94290
3449,94307
3450,94334
3451,94347
3452,94362
3453,94366
3454,94376
3455,94385
3456,94396
3457,94455
3458,94474
3459,94494
3460,94495
3461,94519
3462,94529
3463,94547
3464,94630
3465,94651
3466,94691
3467,94730
3468,94737
3469,94781
3470,94787
3471,94804
3472,94815
3473,94818
3474,94853
3475,94865
3476,94886
3477,94923
3478,94931
3479,94944
3480,94951
3481,94952
3482,94965
3483,94971
3484,94978
3485,94984
3486,94985
3487,94997
3488,95010
3489,95025
3490,95043
3491,95072
3492,95095
3493,95098
3494,95141
3495,95172
3496,95173
3497,95193
3498,95226
3499,95250
3500,95261
3501,95301
3502,95316
3503,95353
3504,95359
3505,95360
3506,95393
3507,95396
3508,95452
3509,95492
3510,95506
3511,95508
3512,95509
3513,95511
3514,95525
3515,95574
3516,95593
3517,95658
3518,95738
3519,95741
3520,95781
3521,95800
3522,95888
3523,95902
3524,95903
3525,95907
3526,95915
3527,95921
3528,95923
3529,95932
3530,95933
3531,95991
3532,95995
3533,96019
3534,96053
3535,96054
3536,96055
3537,96063
3538,96194
3539,96320
3540,96335
3541,96346
3542,96357
3543,96363
3544,96402
3545,96430
3546,96440
3547,96448
3548,96474
3549,96475
3550,96493
3551,96521
3552,96528
3553,96529
3554,96554
3555,96608
3556,96611
3557,96659
3558,96679
3559,96718
3560,96744
3561,96771
3562,96776
3563,96869
3564,96876
3565,96880
3566,96900
3567,96913
3568,96936
3569,96954
3570,96970
3571,96989
3572,97044
3573,97055
3574,97160
3575,97179
3576,97208
3577,97272
3578,97290
3579,97324
3580,97343
3581,97423
3582,97486
3583,97515
3584,97587
3585,97598
3586,97639
3587,97653
3588,97694
3589,97721
3590,97754
3591,97833
3592,97848
3593,97874
3594,97906
3595,97945
3596,97952
3597,97972
3598,98026
3599,98104
3600,98135
3601,98159
3602,98207
3603,98263
3604,98297
3605,98320
3606,98322
3607,98344
3608,98356
3609,98391
3610,98422
3611,98428
3612,98440
3613,98474
3614,98484
3615,98525
3616,98547
3617,98574
3618,98575
3619,98596
3620,98628
3621,98633
3622,98647
3623,98655
3624,98686
3625,98707
3626,98722
3627,98723
3628,98741
3629,98758
3630,98783
3631,98787
3632,98861
3633,98887
3634,98904
3635,98923
3636,98930
3637,98943
3638,98958
3639,98988
3640,99001
3641,99026
3642,99032
3643,99067
3644,99102
3645,99126
3646,99146
3647,99165
3648,99193
3649,99196
3650,99204
3651,99222
3652,99227
3653,99242
3654,99252
3655,99268
3656,99281
3657,99298
3658,99312
3659,99313
3660,99314
3661,99322
3662,99328
3663,99347
3664,99386
3665,99390
3666,99434
3667,99441
3668,99469
3669,99523
3670,99616
3671,99630
3672,99648
3673,99720
3674,99738
3675,99946
3676,99954
3677,99955
3678,99996
3679,100004
3680,100009
3681,100053
3682,100066
3683,100088
3684,100098
3685,100115
3686,100119
3687,100223
3688,100227
3689,100251
3690,100264
3691,100355
3692,100361
3693,100393
3694,100454
3695,100459
3696,100471
3697,100506
3698,100519
3699,100578
3700,100590
3701,100594
3702,100610
3703,100644
3704,100648
3705,100668
3706,100694
3707,100697
3708,100782
3709,100783
3710,100815
3711,100832
3712,100846
3713,100903
3714,100906
3715,100964
3716,100984
3717,101035
3718,101041
3719,101081
3720,101091
3721,101141
3722,101172
3723,101196
3724,101209
3725,101214
3726,101226
3727,101242
3728,101304
3729,101305
3730,101336
3731,101381
3732,101422
3733,101517
3734,101550
3735,101566
3736,101606
3737,101614
3738,101620
3739,101666
3740,101696
3741,101699
3742,101704
3743,101731
3744,101739
3745,101741
3746,101744
3747,101851
3748,101874
3749,101876
3750,101887
3751,101971
3752,102019
3753,102029
3754,102032
3755,102033
3756,102034
3757,102117
3758,102129
3759,102130
3760,102154
3761,102158
3762,102164
3763,102189
3764,102196
3765,102220
3766,102253
3767,102262
3768,102275
3769,102284
3770,102322
3771,102349
3772,102359
3773,102375
3774,102399
3775,102430
3776,102505
3777,102542
3778,102564
3779,102571
3780,102581
3781,102642
3782,102647
3783,102668
3784,102676
3785,102702
3786,102705
3787,102719
3788,102772
3789,102832
3790,102842
3791,102844
3792,102891
3793,102939
3794,102945
3795,102967
3796,103028
3797,103144
3798,103251
3799,103304
3800,103315
3801,103336
3802,103348
3803,103445
3804,103467
3805,103490
3806,103496
3807,103541
3808,103577
3809,103624
3810,103630
3811,103656
3812,103733
3813,103811
3814,103849
3815,103867
3816,103935
3817,104051
3818,104058
3819,104059
3820,104098
3821,104113
3822,104123
3823,104125
3824,104144
3825,104160
3826,104168
3827,104211
3828,104236
3829,104243
3830,104268
3831,104278
3832,104311
3833,104334
3834,104362
3835,104399
3836,104404
3837,104413
3838,104429
3839,104437
3840,104447
3841,104505
3842,104517
3843,104532
3844,104550
3845,104569
3846,104588
3847,104604
3848,104636
3849,104657
3850,104665
3851,104705
3852,104759
3853,104796
3854,104808
3855,104812
3856,104862
3857,104864
3858,104880
3859,104883
3860,104925
3861,104939
3862,105012
3863,105028
3864,105054
3865,105058
3866,105100
3867,105101
3868,105108
3869,105114
3870,105115
3871,105124
3872,105128
3873,105160
3874,105214
3875,105221
3876,105262
3877,105286
3878,105295
3879,105313
3880,105317
3881,105335
3882,105358
3883,105360
3884,105374
3885,105381
3886,105476
3887,105517
3888,105535
3889,105536
3890,105572
3891,105576
3892,105596
3893,105627
3894,105649
3895,105745
3896,105769
3897,105813
3898,105840
3899,105851
3900,105869
3901,105874
3902,105904
3903,105937
3904,105956
3905,105968
3906,105979
3907,105987
3908,106007
3909,106059
3910,106078
3911,106086
3912,106114
3913,106131
3914,106179
3915,106208
3916,106225
3917,106280
3918,106282
3919,106294
3920,106302
3921,106331
3922,106338
3923,106369
3924,106388
3925,106406
3926,106434
3927,106503
3928,106534
3929,106538
3930,106553
3931,106583
3932,106632
3933,106685
3934,106768
3935,106803
3936,106816
3937,106821
3938,106845
3939,106846
3940,106849
3941,106862
3942,106893
3943,106895
3944,106946
3945,106950
3946,106954
3947,106988
3948,107021
3949,107044
3950,107099
3951,107208
3952,107214
3953,107234
3954,107244
3955,107258
3956,107265
3957,107270
3958,107283
3959,107288
3960,107301
3961,107324
3962,107326
3963,107394
3964,107431
3965,107453
3966,107491
3967,107510
3968,107514
3969,107523
3970,107540
3971,107594
3972,107645
3973,107675
3974,107718
3975,107773
3976,107780
3977,107784
3978,107852
3979,107865
3980,107889
3981,107921
3982,107951
3983,107984
3984,108005
3985,108104
3986,108123
3987,108141
3988,108143
3989,108155
3990,108197
3991,108213
3992,108243
3993,108261
3994,108267
3995,108272
3996,108275
3997,108285
3998,108336
3999,108352
4000,108379
4001,108392
4002,108405
4003,108478
4004,108480
4005,108481
4006,108485
4007,108535
4008,108563
4009,108685
4010,108700
4011,108706
4012,108726
4013,108747
4014,108752
4015,108753
4016,108763
4017,108773
4018,108799
4019,108827
4020,108836
4021,108950
4022,109012
4023,109013
4024,109014
4025,109033
4026,109040
4027,109049
4028,109084
4029,109107
4030,109115
4031,109122
4032,109135
4033,109180
4034,109223
4035,109276
4036,109278
4037,109287
4038,109333
4039,109349
4040,109357
4041,109363
4042,109388
4043,109403
4044,109416
4045,109427
4046,109461
4047,109491
4048,109516
4049,109519
4050,109520
4051,109562
4052,109574
4053,109605
4054,109639
4055,109700
4056,109741
4057,109779
4058,109783
4059,109864
4060,109899
4061,109901
4062,109921
4063,109955
4064,110019
4065,110029
4066,110040
4067,110076
4068,110093
4069,110110
4070,110112
4071,110128
4072,110160
4073,110165
4074,110208
4075,110214
4076,110227
4077,110235
4078,110265
4079,110267
4080,110308
4081,110317
4082,110349
4083,110361
4084,110367
4085,110373
4086,110382
4087,110410
4088,110440
4089,110459
4090,110483
4091,110493
4092,110558
4093,110572
4094,110609
4095,110661
4096,110700
4097,110746
4098,110815
4099,110820
4100,110853
4101,110887
4102,110890
4103,110912
4104,110919
4105,110934
4106,110973
4107,111019
4108,111032
4109,111035
4110,111133
4111,111166
4112,111174
4113,111190
4114,111228
4115,111241
4116,111261
4117,111286
4118,111288
4119,111390
4120,111434
4121,111438
4122,111536
4123,111550
4124,111578
4125,111634
4126,111637
4127,111657
4128,111704
4129,111731
4130,111733
4131,111747
4132,111749
4133,111816
4134,111847
4135,111888
4136,111924
4137,111926
4138,111938
4139,111944
4140,111947
4141,111953
4142,111954
4143,112001
4144,112026
4145,112069
4146,112083
4147,112088
4148,112093
4149,112109
4150,112148
4151,112169
4152,112173
4153,112199
4154,112240
4155,112243
4156,112280
4157,112298
4158,112401
4159,112402
4160,112408
4161,112412
4162,112437
4163,112477
4164,112502
4165,112507
4166,112512
4167,112541
4168,112544
4169,112559
4170,112590
4171,112598
4172,112672
4173,112709
4174,112761
4175,112765
4176,112818
4177,112845
4178,112856
4179,112857
4180,112881
4181,112914
4182,112953
4183,112979
4184,112986
4185,113030
4186,113062
4187,113083
4188,113241
4189,113259
4190,113270
4191,113277
4192,113279
4193,113292
4194,113334
4195,113364
4196,113435
4197,113467
4198,113475
4199,113519
4200,113531
4201,113537
4202,113568
4203,113602
4204,113618
4205,113624
4206,113630
4207,113633
4208,113657
4209,113661
4210,113663
4211,113752
4212,113755
4213,113778
4214,113804
4215,113817
4216,113821
4217,113904
4218,113944
4219,113955
4220,113966
4221,113983
4222,113989
4223,114007
4224,114016
4225,114075
4226,114078
4227,114085
4228,114089
4229,114178
4230,114197
4231,114200
4232,114210
4233,114216
4234,114217
4235,114258
4236,114265
4237,114279
4238,114306
4239,114365
4240,114368
4241,114378
4242,114379
4243,114413
4244,114414
4245,114444
4246,114446
4247,114452
4248,114466
4249,114544
4250,114581
4251,114583
4252,114592
4253,114601
4254,114611
4255,114629
4256,114634
4257,114643
4258,114655
4259,114662
4260,114695
4261,114700
4262,114742
4263,114785
4264,114799
4265,114813
4266,114865
4267,114868
4268,114893
4269,114983
4270,114988
4271,115002
4272,115003
4273,115006
4274,115045
4275,115062
4276,115097
4277,115120
4278,115150
4279,115162
4280,115180
4281,115224
4282,115286
4283,115392
4284,115410
4285,115435
4286,115473
4287,115488
4288,115490
4289,115503
4290,115537
4291,115538
4292,115552
4293,115572
4294,115589
4295,115678
4296,115679
4297,115682
4298,115692
4299,115700
4300,115752
4301,115759
4302,115833
4303,115841
4304,115874
4305,115907
4306,115929
4307,115953
4308,115956
4309,115963
4310,115971
4311,115973
4312,115997
4313,115998
4314,116005
4315,116006
4316,116031
4317,116032
4318,116041
4319,116063
4320,116070
4321,116090
4322,116122
4323,116123
4324,116183
4325,116210
4326,116220
4327,116249
4328,116301
4329,116313
4330,116318
4331,116391
4332,116395
4333,116428
4334,116433
4335,116448
4336,116521
4337,116537
4338,116549
4339,116555
4340,116582
4341,116599
4342,116669
4343,116676
4344,116744
4345,116758
4346,116763
4347,116816
4348,116856
4349,116866
4350,116897
4351,116904
4352,116931
4353,117092
4354,117111
4355,117115
4356,117132
4357,117156
4358,117159
4359,117196
4360,117210
4361,117251
4362,117255
4363,117256
4364,117318
4365,117345
4366,117384
4367,117390
4368,117418
4369,117489
4370,117539
4371,117543
4372,117553
4373,117557
4374,117577
4375,117581
4376,117593
4377,117594
4378,117676
4379,117683
4380,117700
4381,117738
4382,117852
4383,117861
4384,117873
4385,117877
4386,117912
4387,117924
4388,117925
4389,117963
4390,118010
4391,118135
4392,118228
4393,118275
4394,118314
4395,118320
4396,118333
4397,118340
4398,118344
4399,118414
4400,118418
4401,118422
4402,118434
4403,118484
4404,118489
4405,118524
4406,118528
4407,118533
4408,118543
4409,118586
4410,118587
4411,118628
4412,118632
4413,118654
4414,118659
4415,118669
4416,118677
4417,118800
4418,118848
4419,118856
4420,118871
4421,118881
4422,118910
4423,118955
4424,118985
4425,119027
4426,119066
4427,119168
4428,119179
4429,119227
4430,119248
4431,119326
4432,119364
4433,119369
4434,119386
4435,119418
4436,119446
4437,119488
4438,119505
4439,119517
4440,119541
4441,119575
4442,119579
4443,119582
4444,119590
4445,119594
4446,119631
4447,119654
4448,119671
4449,119725
4450,119748
4451,119749
4452,119806
4453,119838
4454,119858
4455,119859
4456,119884
4457,119963
4458,120030
4459,120080
4460,120082
4461,120093
4462,120137
4463,120155
4464,120178
4465,120181
4466,120281
4467,120283
4468,120332
4469,120333
4470,120345
4471,120396
4472,120515
4473,120548
4474,120565
4475,120579
4476,120588
4477,120598
4478,120610
4479,120695
4480,120696
4481,120709
4482,120735
4483,120771
4484,120807
4485,120828
4486,120829
4487,120860
4488,120873
4489,120892
4490,120908
4491,120917
4492,120931
4493,120985
4494,120994
4495,121065
4496,121066
4497,121083
4498,121093
4499,121119
4500,121120
4501,121135
4502,121166
4503,121167
4504,121170
4505,121176
4506,121178
4507,121184
4508,121205
4509,121251
4510,121264
4511,121275
4512,121345
4513,121398
4514,121532
4515,121545
4516,121547
4517,121592
4518,121594
4519,121606
4520,121620
4521,121667
4522,121726
4523,121817
4524,121825
4525,121941
4526,121986
4527,122045
4528,122086
4529,122096
4530,122321
4531,122386
4532,122418
4533,122429
4534,122440
4535,122506
4536,122542
4537,122607
4538,122625
4539,122643
4540,122660
4541,122671
4542,122716
4543,122765
4544,122781
4545,122782
4546,122784
4547,122793
4548,122801
4549,122802
4550,122867
4551,122881
4552,122883
4553,122901
4554,122958
4555,123056
4556,123066
4557,123094
4558,123095
4559,123143
4560,123149
4561,123154
4562,123160
4563,123203
4564,123215
4565,123228
4566,123231
4567,123238
4568,123257
4569,123284
4570,123298
4571,123410
4572,123430
4573,123433
4574,123460
4575,123468
4576,123500
4577,123501
4578,123503
4579,123510
4580,123515
4581,123543
4582,123544
4583,123553
4584,123597
4585,123608
4586,123617
4587,123625
4588,123649
4589,123676
4590,123700
4591,123724
4592,123732
4593,123744
4594,123784
4595,123790
4596,123801
4597,123825
4598,123867
4599,123883
4600,123947
4601,123981
4602,123988
4603,124010
4604,124048
4605,124066
4606,124078
4607,124079
4608,124089
4609,124096
4610,124175
4611,124200
4612,124233
4613,124259
4614,124298
4615,124304
4616,124310
4617,124322
4618,124363
4619,124474
4620,124487
4621,124488
4622,124536
4623,124574
4624,124597
4625,124617
4626,124645
4627,124688
4628,124692
4629,124717
4630,124720
4631,124732
4632,124747
4633,124769
4634,124776
4635,124789
4636,124852
4637,124874
4638,124876
4639,124888
4640,124915
4641,124942
4642,124946
4643,124983
4644,124989
4645,124993
4646,125027
4647,125031
4648,125039
4649,125060
4650,125063
4651,125156
4652,125171
4653,125203
4654,125216
4655,125217
4656,125237
4657,125240
4658,125274
4659,125276
4660,125287
4661,125303
4662,125334
4663,125396
4664,125411
4665,125440
4666,125474
4667,125514
4668,125519
4669,125538
4670,125540
4671,125641
4672,125655
4673,125692
4674,125701
4675,125734
4676,125736
4677,125774
4678,125779
4679,125798
4680,125808
4681,125826
4682,125878
4683,125885
4684,125892
4685,125917
4686,125928
4687,126053
4688,126072
4689,126149
4690,126196
4691,126232
4692,126236
4693,126240
4694,126296
4695,126298
4696,126331
4697,126360
4698,126388
4699,126395
4700,126404
4701,126415
4702,126487
4703,126492
4704,126495
4705,126531
4706,126585
4707,126604
4708,126654
4709,126664
4710,126671
4711,126693
4712,126695
4713,126697
4714,126726
4715,126736
4716,126747
4717,126783
4718,126803
4719,126810
4720,126812
4721,126814
4722,126824
4723,126827
4724,126849
4725,126860
4726,126883
4727,126903
4728,126907
4729,126911
4730,126985
4731,127014
4732,127024
4733,127049
4734,127113
4735,127114
4736,127122
4737,127129
4738,127131
4739,127134
4740,127147
4741,127168
4742,127171
4743,127174
4744,127190
4745,127200
4746,127203
4747,127233
4748,127245
4749,127250
4750,127359
4751,127384
4752,127389
4753,127404
4754,127417
4755,127431
4756,127432
4757,127438
4758,127453
4759,127481
4760,127490
4761,127505
4762,127519
4763,127564
4764,127621
4765,127648
4766,127719
4767,127755
4768,127779
4769,127782
4770,127813
4771,127826
4772,127866
4773,127893
4774,127914
4775,127930
4776,127970
4777,127993
4778,128014
4779,128033
4780,128040
4781,128045
4782,128060
4783,128077
4784,128085
4785,128119
4786,128122
4787,128208
4788,128214
4789,128257
4790,128276
4791,128286
4792,128325
4793,128331
4794,128332
4795,128362
4796,128365
4797,128406
4798,128434
4799,128464
4800,128506
4801,128543
4802,128557
4803,128600
4804,128622
4805,128653
4806,128669
4807,128672
4808,128693
4809,128696
4810,128710
4811,128732
4812,128782
4813,128790
4814,128835
4815,128841
4816,128911
4817,128915
4818,128962
4819,128974
4820,129008
4821,129056
4822,129074
4823,129084
4824,129114
4825,129187
4826,129238
4827,129255
4828,129289
4829,129338
4830,129345
4831,129358
4832,129368
4833,129373
4834,129389
4835,129393
4836,129399
4837,129444
4838,129465
4839,129474
4840,129489
4841,129494
4842,129503
4843,129505
4844,129531
4845,129563
4846,129572
4847,129617
4848,129690
4849,129716
4850,129718
4851,129725
4852,129835
4853,129851
4854,129883
4855,130132
4856,130157
4857,130166
4858,130168
4859,130258
4860,130347
4861,130430
4862,130438
4863,130474
4864,130482
4865,130485
4866,130493
4867,130502
4868,130543
4869,130554
4870,130570
4871,130571
4872,130581
4873,130624
4874,130636
4875,130658
4876,130670
4877,130705
4878,130710
4879,130784
4880,130792
4881,130810
4882,130837
4883,130847
4884,130866
4885,130882
4886,130923
4887,130939
4888,130950
4889,130952
4890,130961
4891,130978
4892,131006
4893,131026
4894,131027
4895,131032
4896,131039
4897,131046
4898,131099
4899,131108
4900,131126
4901,131154
4902,131182
4903,131202
4904,131213
4905,131233
4906,131238
4907,131243
4908,131296
4909,131317
4910,131363
4911,131402
4912,131437
4913,131441
4914,131476
4915,131510
4916,131548
4917,131564
4918,131594
4919,131597
4920,131622
4921,131655
4922,131657
4923,131675
4924,131686
4925,131689
4926,131837
4927,131855
4928,131883
4929,131913
4930,131974
4931,132006
4932,132083
4933,132171
4934,132173
4935,132188
4936,132199
4937,132203
4938,132229
4939,132275
4940,132282
4941,132290
4942,132357
4943,132371
4944,132374
4945,132375
4946,132382
4947,132392
4948,132492
4949,132500
4950,132522
4951,132531
4952,132572
4953,132582
4954,132624
4955,132663
4956,132684
4957,132687
4958,132716
4959,132786
4960,132836
4961,132846
4962,132851
4963,132901
4964,132909
4965,132930
4966,133034
4967,133037
4968,133041
4969,133166
4970,133192
4971,133225
4972,133246
4973,133258
4974,133272
4975,133284
4976,133296
4977,133348
4978,133414
4979,133416
4980,133417
4981,133418
4982,133557
4983,133567
4984,133569
4985,133571
4986,133654
4987,133682
4988,133689
4989,133706
4990,133738
4991,133744
4992,133747
4993,133786
4994,133905
4995,133935
4996,133957
4997,133958
4998,134005
4999,134029
5000,134031
5001,134118
5002,134120
5003,134137
5004,134225
5005,134247
5006,134264
5007,134278
5008,134294
5009,134302
5010,134311
5011,134347
5012,134403
5013,134434
5014,134467
5015,134483
5016,134508
5017,134529
5018,134556
5019,134596
5020,134621
5021,134641
5022,134663
5023,134684
5024,134694
5025,134705
5026,134732
5027,134761
5028,134784
5029,134797
5030,134835
5031,134837
5032,134863
5033,134884
5034,134886
5035,134900
5036,134948
5037,134999
5038,135043
5039,135045
5040,135061
5041,135064
5042,135141
5043,135149
5044,135170
5045,135185
5046,135228
5047,135265
5048,135277
5049,135280
5050,135296
5051,135317
5052,135329
5053,135351
5054,135360
5055,135367
5056,135376
5057,135383
5058,135398
5059,135411
5060,135458
5061,135460
5062,135469
5063,135609
5064,135624
5065,135625
5066,135653
5067,135665
5068,135673
5069,135681
5070,135703
5071,135736
5072,135753
5073,135766
5074,135768
5075,135776
5076,135778
5077,135785
5078,135799
5079,135831
5080,135869
5081,135872
5082,135873
5083,135885
5084,135895
5085,135902
5086,135911
5087,135919
5088,135957
5089,135959
5090,135965
5091,135975
5092,135996
5093,136010
5094,136011
5095,136014
5096,136025
5097,136037
5098,136062
5099,136071
5100,136104
5101,136136
5102,136137
5103,136139
5104,136193
5105,136205
5106,136237
5107,136240
5108,136252
5109,136255
5110,136291
5111,136313
5112,136326
5113,136348
5114,136350
5115,136362
5116,136371
5117,136382
5118,136396
5119,136419
5120,136425
5121,136430
5122,136439
5123,136465
5124,136491
5125,136560
5126,136561
5127,136579
5128,136638
5129,136662
5130,136676
5131,136695
5132,136735
5133,136747
5134,136829
5135,136851
5136,136908
5137,136909
5138,136916
5139,136923
5140,136943
5141,137000
5142,137006
5143,137082
5144,137118
5145,137137
5146,137143
5147,137190
5148,137211
5149,137222
5150,137283
5151,137336
5152,137348
5153,137384
5154,137397
5155,137434
5156,137437
5157,137480
5158,137497
5159,137524
5160,137539
5161,137587
5162,137588
5163,137589
5164,137601
5165,137620
5166,137627
5167,137678
5168,137684
5169,137688
5170,137742
5171,137803
5172,137816
5173,137968
5174,137986
5175,138010
5176,138018
5177,138073
5178,138097
5179,138100
5180,138124
5181,138132
5182,138138
5183,138176
5184,138189
5185,138193
5186,138198
5187,138202
5188,138239
5189,138259
5190,138301
5191,138307
5192,138330
5193,138372
5194,138379
5195,138382
5196,138393
5197,138397
5198,138425
5199,138437
5200,138441
5201,138467
5202,138515
5203,138525
5204,138529
5205,138543
5206,138546
5207,138578
5208,138602
5209,138641
5210,138647
5211,138674
5212,138690
5213,138744
5214,138777
5215,138813
5216,138826
5217,138833
5218,138844
5219,138867
5220,138883
5221,138886
5222,138906
5223,138910
5224,138951
5225,138954
5226,138955
5227,138985
5228,138995
5229,139031
5230,139070
5231,139126
5232,139141
5233,139182
5234,139206
5235,139209
5236,139221
5237,139229
5238,139243
5239,139245
5240,139273
5241,139287
5242,139359
5243,139376
5244,139387
5245,139421
5246,139462
5247,139467
5248,139480
5249,139524
5250,139575
5251,139586
5252,139598
5253,139607
5254,139634
5255,139706
5256,139742
5257,139747
5258,139827
5259,139828
5260,139835
5261,139884
5262,139904
5263,139907
5264,139912
5265,139913
5266,139934
5267,139991
5268,140000
5269,140005
5270,140036
5271,140069
5272,140080
5273,140087
5274,140132
5275,140161
5276,140167
5277,140196
5278,140223
5279,140226
5280,140232
5281,140255
5282,140264
5283,140294
5284,140340
5285,140341
5286,140357
5287,140358
5288,140410
5289,140423
5290,140451
5291,140478
5292,140555
5293,140662
5294,140698
5295,140711
5296,140758
5297,140763
5298,140822
5299,140842
5300,140863
5301,140879
5302,140974
5303,141010
5304,141016
5305,141047
5306,141065
5307,141070
5308,141086
5309,141089
5310,141109
5311,141127
5312,141157
5313,141201
5314,141203
5315,141210
5316,141309
5317,141310
5318,141322
5319,141328
5320,141373
5321,141444
5322,141491
5323,141493
5324,141511
5325,141518
5326,141543
5327,141600
5328,141601
5329,141651
5330,141704
5331,141710
5332,141719
5333,141725
5334,141794
5335,141805
5336,141819
5337,141871
5338,141876
5339,141888
5340,141901
5341,141902
5342,141954
5343,141958
5344,142005
5345,142017
5346,142024
5347,142026
5348,142039
5349,142041
5350,142062
5351,142065
5352,142076
5353,142103
5354,142110
5355,142121
5356,142129
5357,142134
5358,142143
5359,142212
5360,142253
5361,142256
5362,142300
5363,142398
5364,142442
5365,142479
5366,142524
5367,142555
5368,142556
5369,142565
5370,142579
5371,142584
5372,142600
5373,142623
5374,142649
5375,142661
5376,142671
5377,142672
5378,142680
5379,142715
5380,142735
5381,142745
5382,142766
5383,142772
5384,142801
5385,142817
5386,142823
5387,142826
5388,142861
5389,142973
5390,142974
5391,143009
5392,143011
5393,143103
5394,143134
5395,143163
5396,143175
5397,143211
5398,143214
5399,143253
5400,143294
5401,143302
5402,143388
5403,143415
5404,143427
5405,143429
5406,143463
5407,143497
5408,143571
5409,143597
5410,143609
5411,143629
5412,143636
5413,143683
5414,143685
5415,143695
5416,143715
5417,143743
5418,143792
5419,143809
5420,143837
5421,143875
5422,143909
5423,143939
5424,143964
5425,143965
5426,143968
5427,143976
5428,144017
5429,144038
5430,144062
5431,144107
5432,144110
5433,144120
5434,144134
5435,144151
5436,144194
5437,144223
5438,144229
5439,144241
5440,144255
5441,144256
5442,144315
5443,144316
5444,144318
5445,144395
5446,144455
5447,144466
5448,144478
5449,144486
5450,144516
5451,144531
5452,144549
5453,144555
5454,144585
5455,144619
5456,144642
5457,144667
5458,144699
5459,144707
5460,144727
5461,144799
5462,144811
5463,144822
5464,144828
5465,144899
5466,144910
5467,144925
5468,144943
5469,144967
5470,144978
5471,144979
5472,144997
5473,145000
5474,145003
5475,145109
5476,145145
5477,145161
5478,145165
5479,145198
5480,145218
5481,145369
5482,145412
5483,145449
5484,145451
5485,145527
5486,145543
5487,145546
5488,145548
5489,145558
5490,145596
5491,145614
5492,145619
5493,145641
5494,145644
5495,145657
5496,145706
5497,145728
5498,145737
5499,145861
5500,145916
5501,145969
5502,146025
5503,146057
5504,146078
5505,146081
5506,146083
5507,146106
5508,146113
5509,146175
5510,146187
5511,146207
5512,146230
5513,146261
5514,146266
5515,146298
5516,146319
5517,146321
5518,146345
5519,146348
5520,146386
5521,146421
5522,146428
5523,146530
5524,146539
5525,146561
5526,146564
5527,146573
5528,146582
5529,146585
5530,146641
5531,146649
5532,146699
5533,146722
5534,146734
5535,146778
5536,146781
5537,146803
5538,146804
5539,146855
5540,146874
5541,146932
5542,147037
5543,147045
5544,147101
5545,147141
5546,147156
5547,147166
5548,147224
5549,147249
5550,147307
5551,147385
5552,147420
5553,147451
5554,147475
5555,147492
5556,147528
5557,147649
5558,147676
5559,147678
5560,147686
5561,147687
5562,147744
5563,147752
5564,147764
5565,147781
5566,147800
5567,147803
5568,147839
5569,147847
5570,147851
5571,147900
5572,147947
5573,147965
5574,147978
5575,148028
5576,148030
5577,148121
5578,148124
5579,148133
5580,148142
5581,148153
5582,148154
5583,148157
5584,148191
5585,148192
5586,148199
5587,148220
5588,148239
5589,148258
5590,148263
5591,148314
5592,148344
5593,148378
5594,148559
5595,148586
5596,148590
5597,148632
5598,148662
5599,148695
5600,148712
5601,148731
5602,148744
5603,148798
5604,148804
5605,148806
5606,148847
5607,148863
5608,148898
5609,148928
5610,148929
5611,148934
5612,148962
5613,148965
5614,148966
5615,148989
5616,149069
5617,149071
5618,149084
5619,149120
5620,149140
5621,149172
5622,149204
5623,149231
5624,149259
5625,149325
5626,149361
5627,149366
5628,149483
5629,149510
5630,149511
5631,149598
5632,149647
5633,149661
5634,149690
5635,149786
5636,149800
5637,149843
5638,149893
5639,149907
5640,149908
5641,149934
5642,150067
5643,150124
5644,150297
5645,150316
5646,150327
5647,150364
5648,150431
5649,150482
5650,150498
5651,150516
5652,150547
5653,150554
5654,150561
5655,150587
5656,150657
5657,150661
5658,150663
5659,150697
5660,150706
5661,150762
5662,150767
5663,150890
5664,150894
5665,150896
5666,150932
5667,150960
5668,150966
5669,150968
5670,150979
5671,151002
5672,151043
5673,151063
5674,151068
5675,151093
5676,151098
5677,151101
5678,151104
5679,151107
5680,151122
5681,151139
5682,151143
5683,151262
5684,151263
5685,151370
5686,151405
5687,151415
5688,151420
5689,151421
5690,151470
5691,151479
5692,151483
5693,151503
5694,151537
5695,151546
5696,151589
5697,151608
5698,151653
5699,151750
5700,151762
5701,151780
5702,151790
5703,151799
5704,151800
5705,151806
5706,151824
5707,151846
5708,151861
5709,151928
5710,151991
5711,152016
5712,152036
5713,152082
5714,152099
5715,152136
5716,152186
5717,152206
5718,152260
5719,152291
5720,152295
5721,152307
5722,152309
5723,152345
5724,152354
5725,152357
5726,152401
5727,152409
5728,152428
5729,152435
5730,152468
5731,152483
5732,152496
5733,152514
5734,152562
5735,152568
5736,152579
5737,152582
5738,152605
5739,152617
5740,152645
5741,152651
5742,152696
5743,152697
5744,152726
5745,152742
5746,152770
5747,152811
5748,152813
5749,152827
5750,152831
5751,152942
5752,152946
5753,152960
5754,152963
5755,153003
5756,153032
5757,153040
5758,153042
5759,153054
5760,153079
5761,153091
5762,153115
5763,153158
5764,153174
5765,153211
5766,153249
5767,153283
5768,153322
5769,153342
5770,153361
5771,153365
5772,153466
5773,153496
5774,153513
5775,153570
5776,153620
5777,153621
5778,153653
5779,153662
5780,153718
5781,153719
5782,153723
5783,153797
5784,153818
5785,153865
5786,153869
5787,153927
5788,153947
5789,153950
5790,154021
5791,154031
5792,154070
5793,154075
5794,154126
5795,154129
5796,154137
5797,154160
5798,154176
5799,154182
5800,154269
5801,154345
5802,154346
5803,154354
5804,154362
5805,154409
5806,154441
5807,154460
5808,154465
5809,154469
5810,154487
5811,154529
5812,154543
5813,154553
5814,154560
5815,154592
5816,154627
5817,154633
5818,154646
5819,154663
5820,154675
5821,154701
5822,154730
5823,154773
5824,154781
5825,154791
5826,154811
5827,154844
5828,154944
5829,154975
5830,154981
5831,154992
5832,155000
5833,155011
5834,155014
5835,155027
5836,155035
5837,155047
5838,155091
5839,155141
5840,155147
5841,155149
5842,155173
5843,155219
5844,155237
5845,155317
5846,155332
5847,155343
5848,155376
5849,155383
5850,155444
5851,155450
5852,155454
5853,155495
5854,155580
5855,155650
5856,155669
5857,155680
5858,155733
5859,155743
5860,155771
5861,155778
5862,155806
5863,155807
5864,155810
5865,155913
5866,155916
5867,155989
5868,156020
5869,156096
5870,156150
5871,156163
5872,156214
5873,156243
5874,156269
5875,156274
5876,156300
5877,156342
5878,156391
5879,156432
5880,156467
5881,156483
5882,156502
5883,156510
5884,156527
5885,156534
5886,156540
5887,156548
5888,156551
5889,156566
5890,156575
5891,156584
5892,156609
5893,156659
5894,156670
5895,156673
5896,156698
5897,156706
5898,156726
5899,156736
5900,156837
5901,156971
5902,156972
5903,157018
5904,157065
5905,157082
5906,157083
5907,157101
5908,157118
5909,157127
5910,157163
5911,157187
5912,157192
5913,157208
5914,157247
5915,157252
5916,157273
5917,157281
5918,157290
5919,157380
5920,157468
5921,157543
5922,157594
5923,157625
5924,157655
5925,157660
5926,157787
5927,157799
5928,157811
5929,158033
5930,158034
5931,158043
5932,158100
5933,158103
5934,158104
5935,158172
5936,158226
5937,158254
5938,158285
5939,158295
5940,158339
5941,158344
5942,158347
5943,158361
5944,158385
5945,158433
5946,158454
5947,158506
5948,158509
5949,158559
5950,158567
5951,158589
5952,158606
5953,158615
5954,158618
5955,158627
5956,158714
5957,158774
5958,158791
5959,158846
5960,158867
5961,158984
5962,158998
5963,159004
5964,159033
5965,159137
5966,159211
5967,159230
5968,159259
5969,159283
5970,159308
5971,159333
5972,159390
5973,159428
5974,159455
5975,159506
5976,159647
5977,159687
5978,159720
5979,159732
5980,159754
5981,159787
5982,159802
5983,159817
5984,159822
5985,159834
5986,159854
5987,159858
5988,159860
5989,159863
5990,159868
5991,159946
5992,159950
5993,159977
5994,160032
5995,160062
5996,160154
5997,160200
5998,160231
5999,160295
6000,160334
6001,160344
6002,160361
6003,160378
6004,160381
6005,160393
6006,160401
6007,160431
6008,160434
6009,160507
6010,160511
6011,160541
6012,160548
6013,160558
6014,160571
6015,160574
6016,160681
6017,160735
6018,160746
6019,160769
6020,160803
6021,160819
6022,199167
6023,199178
6024,199180
6025,199209
6026,199336
6027,199353
6028,199357
6029,199384
6030,199416
6031,199491
6032,199494
6033,199515
6034,199572
6035,199590
6036,199764
6037,199772
6038,199795
6039,199857
6040,199871
6041,199898
6042,199901
6043,199981
6044,200009
6045,200093
6046,200196
6047,200206
6048,200213
6049,200226
6050,200245
6051,200248
6052,200252
6053,200315
6054,200323
6055,200394
6056,200402
6057,200408
6058,200422
6059,200493
6060,200508
6061,200556
6062,200557
6063,200568
6064,200585
6065,200607
6066,200631
6067,200643
6068,200674
6069,200707
6070,200772
6071,200814
6072,200876
6073,200978
6074,200993
6075,201017
6076,201036
6077,201042
6078,201058
6079,201128
6080,201141
6081,201290
6082,201323
6083,201353
6084,201383
6085,201404
6086,201447
6087,201470
6088,201475
6089,201519
6090,201521
6091,201526
6092,201537
6093,201548
6094,201557
6095,201575
6096,201579
6097,201593
6098,201598
6099,201641
6100,201673
6101,201674
6102,201677
6103,201684
6104,201697
6105,201714
6106,201724
6107,201760
6108,201763
6109,201768
6110,201776
6111,201783
6112,201792
6113,201806
6114,201829
6115,201870
6116,201923
6117,201969
6118,202000
6119,202025
6120,202036
6121,202040
6122,202046
6123,202058
6124,202063
6125,202069
6126,202073
6127,202127
6128,202173
6129,202182
6130,202195
6131,202212
6132,202213
6133,202257
6134,202269
6135,202277
6136,202346
6137,202353
6138,202358
6139,202381
6140,202447
6141,202462
6142,202532
6143,202553
6144,202564
6145,202706
6146,202711
6147,202738
6148,202742
6149,202743
6150,202764
6151,202885
6152,202942
6153,202963
6154,203017
6155,203031
6156,203044
6157,203058
6158,203075
6159,203161
6160,203213
6161,203240
6162,203280
6163,203379
6164,203380
6165,203401
6166,203411
6167,203422
6168,203441
6169,203506
6170,203531
6171,203566
6172,203567
6173,203598
6174,203603
6175,203618
6176,203621
6177,203649
6178,203742
6179,203764
6180,203799
6181,203805
6182,203820
6183,203844
6184,203877
6185,203900
6186,203910
6187,203935
6188,203973
6189,204040
6190,204044
6191,204115
6192,204117
6193,204167
6194,204179
6195,204205
6196,204255
6197,204311
6198,204316
6199,204333
6200,204359
6201,204363
6202,204366
6203,204391
6204,204393
6205,204448
6206,204455
6207,204457
6208,204470
6209,204474
6210,204507
6211,204571
6212,204591
6213,204619
6214,204622
6215,204663
6216,204676
6217,204696
6218,204698
6219,204748
6220,204790
6221,204802
6222,204804
6223,204813
6224,204822
6225,204825
6226,204844
6227,204864
6228,204909
6229,204929
6230,204936
6231,204946
6232,204964
6233,204968
6234,204972
6235,204978
6236,205037
6237,205072
6238,205085
6239,205145
6240,205166
6241,205179
6242,205197
6243,205226
6244,205260
6245,205281
6246,205285
6247,205355
6248,205356
6249,205383
6250,205426
6251,205448
6252,276822
6253,276847
6254,276859
6255,276861
6256,276866
6257,276872
6258,276875
6259,276925
6260,276929
6261,276939
6262,276964
6263,276994
6264,277042
6265,277051
6266,277087
6267,277107
6268,277157
6269,277171
6270,277195
6271,277203
6272,277272
6273,277378
6274,277427
6275,277439
6276,277478
6277,277509
6278,277523
6279,277527
6280,277562
6281,277563
6282,277623
6283,277629
6284,277639
6285,277662
6286,277681
6287,277710
6288,277711
6289,277744
6290,277879
6291,277901
6292,277922
6293,277923
6294,277928
6295,277929
6296,277937
6297,277945
6298,277959
6299,277965
6300,277982
6301,277984
6302,278007
6303,278026
6304,278137
6305,278188
6306,278194
6307,278202
6308,278218
6309,278221
6310,278257
6311,278314
6312,278346
6313,278356
6314,278390
6315,278418
6316,278449
6317,278522
6318,278535
6319,278536
6320,278552
6321,278554
6322,278563
6323,278582
6324,278633
6325,278668
6326,278694
6327,278843
6328,278851
6329,278854
